product_id,category,animal,size,price,sales,rating,repeat_purchase,sales_per_unit_price,is_high_rating
1,Food,Bird,large,51.1,1860.62,7.0,1,36.41135029354207,1
2,Housing,Bird,MEDIUM,35.98,963.6,6.0,0,26.781545302946085,1
3,Food,Dog,medium,31.23,898.3,5.0,1,28.76400896573807,1
4,Medicine,Cat,small,24.95,982.15,6.0,1,39.364729458917836,1
5,Housing,Cat,Small,26.18,832.63,7.0,1,31.804048892284186,1
6,Housing,Dog,Small,30.77,874.58,7.0,0,28.423139421514463,1
7,Housing,Dog,Small,31.04,875.07,5.0,0,28.1916881443299,1
8,Toys,Cat,medium,28.9,1074.31,4.0,0,37.17335640138408,0
9,Equipment,Fish,MEDIUM,17.82,503.67,5.0,0,28.264309764309765,1
10,Medicine,Dog,medium,24.93,838.88,8.0,0,33.649418371440035,1
11,Food,Dog,Large,40.87,1457.22,7.0,1,35.65500367017373,1
12,Medicine,Bird,MEDIUM,34.96,1204.6,5.0,1,34.45652173913043,1
13,Food,Dog,MEDIUM,31.07,889.73,4.0,0,28.636305117476667,0
14,Food,Dog,large,40.8,1450.5,6.0,1,35.5514705882353,1
15,Accessory,Bird,medium,33.13,859.29,4.0,1,25.93691518261394,0
16,Accessory,Bird,large,43.09,1418.72,1.0,1,32.92457646785797,0
17,Equipment,Cat,small,28.29,1040.51,5.0,1,36.780134323082365,1
18,Toys,Bird,medium,43.91,1521.51,3.0,1,34.650649054884994,0
19,Toys,Cat,Small,33.87,1333.9,6.0,0,39.38293475051669,1
20,Toys,Dog,large,44.0,1792.63,7.0,1,40.74159090909091,1
21,Food,Fish,medium,28.064999999999998,542.06,4.9911111111111115,0,19.314448601460892,0
22,Food,Dog,large,41.0,1456.58,3.0,0,35.52634146341463,0
23,-,Bird,MEDIUM,32.98,859.94,3.0,0,26.074590661006674,0
24,Equipment,Cat,medium,22.99,790.26,4.0,0,34.37407568508047,0
25,Toys,Dog,Small,38.99,1410.66,3.0,0,36.18004616568351,0
26,Housing,Bird,large,45.83,1551.24,4.0,1,33.84769801440105,0
27,Equipment,Cat,Small,28.24,1046.0,4.0,0,37.039660056657226,0
28,Equipment,Cat,small,28.19,1036.72,5.0,1,36.77616175948918,1
29,Equipment,Cat,Small,27.79,1031.11,7.0,1,37.10363440086362,1
30,Toys,Dog,Small,38.86,1405.4,5.0,1,36.16572310859496,1
31,Equipment,Fish,Small,22.89,706.94,3.0,1,30.88422892092617,0
32,Housing,Cat,SMALL,26.07,830.8,7.0,0,31.868047564250094,1
33,Equipment,Cat,SMALL,28.02,1027.95,6.0,0,36.686295503211994,1
34,Toys,Fish,medium,23.99,743.83,5.0,0,31.005835764902045,1
35,Equipment,Cat,small,28.25,1039.58,6.0,1,36.799292035398224,1
36,Food,Dog,Medium,30.87,879.37,4.0,1,28.486232588273403,0
37,Equipment,Cat,SMALL,28.09,1034.96,7.0,1,36.84442862228551,1
38,Toys,Fish,Small,29.01,966.05,2.0,0,33.30058600482592,0
39,Housing,Fish,large,26.13,783.84,6.0,1,29.997703788748566,1
40,Toys,Bird,large,54.03,2248.63,5.0,0,41.618175087914125,1
41,Food,Cat,Small,31.2,1074.63,3.0,1,34.44326923076923,0
42,Food,Cat,SMALL,30.92,1064.79,7.0,0,34.43693402328589,1
43,Housing,Cat,medium,20.95,615.07,5.0,1,29.358949880668263,1
44,Equipment,Fish,medium,17.98,506.75,3.0,1,28.18409343715239,0
45,Medicine,Bird,medium,28.064999999999998,1209.41,4.9911111111111115,0,43.09317655442723,0
46,Accessory,Dog,large,32.98,1063.91,5.0,1,32.259248029108555,1
47,Toys,Cat,SMALL,28.064999999999998,1367.47,4.9911111111111115,1,48.72510244076252,0
48,Equipment,Cat,SMALL,27.7,1022.95,8.0,0,36.92960288808665,1
49,Medicine,Cat,small,24.8,978.64,6.0,1,39.461290322580645,1
50,Food,Cat,small,31.2,1074.1,6.0,0,34.42628205128205,1
51,Food,Cat,Small,31.09,1071.72,6.0,0,34.47153425538759,1
52,Medicine,Fish,small,19.83,658.66,7.0,1,33.21533030761473,1
53,Accessory,Dog,large,33.15,1068.44,7.0,0,32.23046757164405,1
54,Food,Fish,medium,21.25,548.05,4.0,0,25.790588235294116,0
55,Equipment,Dog,Large,38.06,1449.87,5.0,1,38.09432475039411,1
56,Food,Cat,Small,30.89,1059.94,6.0,0,34.313370022661054,1
57,Medicine,Dog,large,35.04,1424.02,6.0,1,40.6398401826484,1
58,Housing,Dog,MEDIUM,26.03,678.99,3.0,0,26.084902036112176,0
59,Toys,Dog,medium,33.94,1152.57,6.0,0,33.95904537418975,1
60,Housing,Cat,Small,25.81,814.06,3.0,0,31.540488182874853,0
61,Accessory,Dog,large,32.99,1068.83,4.0,1,32.39860563807214,0
62,Equipment,Fish,medium,17.9,506.2,3.0,1,28.27932960893855,0
63,Food,Fish,LARGE,30.96,1016.49,5.0,0,32.832364341085274,1
64,Food,Dog,large,40.93,1459.08,3.0,0,35.64817981920352,0
65,Medicine,Dog,medium,24.98,836.05,5.0,1,33.46877502001601,1
66,Housing,Cat,small,26.08,831.86,4.0,1,31.89647239263804,0
67,Equipment,Fish,small,23.08,710.55,5.0,0,30.78639514731369,1
68,Housing,Dog,MEDIUM,26.0,675.06,3.0,1,25.963846153846152,0
69,Equipment,Cat,medium,22.95,790.28,6.0,0,34.434858387799565,1
70,Toys,Dog,SMALL,39.03,1411.58,6.0,0,36.16653856008198,1
71,Equipment,Dog,LARGE,28.064999999999998,1446.43,4.9911111111111115,0,51.53857117406022,0
72,Medicine,Bird,medium,34.96,1207.21,6.0,1,34.53117848970252,1
73,-,Dog,small,33.13,1101.89,4.0,0,33.25958345910051,0
74,Food,Bird,Large,28.064999999999998,1864.01,4.9911111111111115,0,66.4176019953679,0
75,Equipment,Fish,SMALL,23.19,706.38,6.0,1,30.460543337645536,1
76,Food,Fish,LARGE,31.0,1023.95,6.0,1,33.03064516129032,1
77,Housing,Cat,medium,21.05,614.54,3.0,1,29.194299287410924,0
78,Food,Cat,Small,31.5,1090.84,6.0,0,34.629841269841265,1
79,Medicine,Cat,small,24.7,975.88,6.0,1,39.50931174089069,1
80,Accessory,Dog,Small,27.76,764.19,3.0,0,27.528458213256485,0
81,Accessory,Cat,medium,18.06,518.45,6.0,1,28.70708748615726,1
82,Equipment,Fish,small,22.99,709.87,2.0,0,30.877337973031754,0
83,Equipment,Cat,small,28.43,1047.28,5.0,1,36.83714386211748,1
84,Toys,Bird,Medium,43.99,1534.9,7.0,0,34.89202091384406,1
85,Equipment,Dog,medium,28.064999999999998,870.15,4.9911111111111115,1,31.00481026189204,0
86,Food,Bird,Medium,41.03,1206.69,6.0,1,29.409943943456007,1
87,Equipment,Cat,small,28.28,1042.37,5.0,0,36.8589108910891,1
88,Food,Dog,Large,40.93,1463.29,4.0,1,35.75103835817249,0
89,Housing,Cat,small,25.96,825.63,4.0,0,31.80392912172573,0
90,Equipment,Cat,small,28.064999999999998,1014.17,4.9911111111111115,0,36.13646891145555,0
91,Equipment,Cat,small,27.86,1022.0,6.0,1,36.68341708542714,1
92,Toys,Dog,small,38.95,1418.52,6.0,1,36.41899871630295,1
93,Housing,Bird,Medium,36.22,965.85,4.0,0,26.666206515737162,0
94,Accessory,Dog,medium,23.02,578.95,5.0,0,25.1498696785404,1
95,Housing,Cat,small,28.064999999999998,821.2,4.9911111111111115,0,29.26064493140923,0
96,Housing,Cat,MEDIUM,21.14,617.64,7.0,1,29.2166508987701,1
97,Accessory,Bird,LARGE,42.99,1417.24,5.0,0,32.96673645033729,1
98,Equipment,Cat,Small,27.95,1026.77,6.0,1,36.73595706618963,1
99,Equipment,Dog,Large,38.0,1447.26,5.0,0,38.08578947368421,1
100,Equipment,Cat,Small,28.2,1035.18,6.0,1,36.708510638297874,1
101,Housing,Dog,small,28.064999999999998,892.3,4.9911111111111115,1,31.794049527881704,0
102,Toys,Dog,Small,39.16,1425.23,3.0,1,36.39504596527069,0
103,Medicine,Dog,medium,25.07,846.96,4.0,0,33.783805345033905,0
104,Medicine,Fish,medium,15.0,464.88,6.0,1,30.992,1
105,Housing,Bird,medium,35.95,962.13,2.0,1,26.76300417246175,0
106,Equipment,Cat,small,27.86,1027.49,3.0,0,36.880473797559226,0
107,Medicine,Cat,large,30.03,1321.82,8.0,1,44.01665001665001,1
108,Equipment,Fish,Small,22.98,712.43,6.0,0,31.002175805047866,1
109,Equipment,Cat,small,27.97,1028.72,5.0,1,36.77940650697176,1
110,Toys,Fish,small,28.74,969.57,4.0,1,33.735908141962426,0
111,Equipment,Dog,small,28.064999999999998,1112.08,4.9911111111111115,1,39.62515588811687,0
112,Food,Cat,Medium,26.05,829.81,6.0,1,31.85451055662188,1
113,Housing,Bird,Large,45.99,1558.19,6.0,0,33.88106110023918,1
114,Housing,Cat,Small,25.83,821.45,8.0,0,31.80216802168022,1
115,Equipment,Dog,small,32.98,1106.85,6.0,1,33.56124924196483,1
116,Accessory,Fish,LARGE,22.75,670.79,3.0,0,29.485274725274724,0
117,Toys,Fish,large,28.064999999999998,1300.33,4.9911111111111115,1,46.332798859789776,0
118,Equipment,Cat,SMALL,28.03,1029.38,6.0,1,36.72422404566536,1
119,Equipment,Cat,small,27.7,1021.27,4.0,0,36.868953068592056,0
120,Toys,Cat,medium,29.02,1073.29,6.0,1,36.98449345279118,1
121,Food,Dog,SMALL,28.064999999999998,1132.38,4.9911111111111115,0,40.34847675040086,0
122,Equipment,Cat,MEDIUM,23.19,801.04,3.0,1,34.542475204829664,0
123,Food,Dog,medium,30.92,885.87,4.0,1,28.65038809831824,0
124,Housing,Dog,MEDIUM,26.32,685.86,2.0,1,26.05851063829787,0
125,Equipment,Cat,Small,28.2,1047.38,5.0,0,37.14113475177305,1
126,Equipment,Cat,small,27.99,1028.27,6.0,0,36.73704894605216,1
127,Medicine,Cat,small,25.07,999.58,8.0,1,39.87155963302752,1
128,Toys,Fish,Medium,28.064999999999998,747.58,4.9911111111111115,0,26.637448779618747,0
129,Equipment,Cat,Medium,22.98,795.34,7.0,0,34.61009573542211,1
130,Toys,Fish,large,34.18,1307.35,4.0,0,38.248976009362195,0
131,Housing,Fish,small,21.07,538.15,4.0,1,25.541053630754625,0
132,Equipment,Cat,SMALL,28.064999999999998,1038.07,4.9911111111111115,1,36.98806342419384,0
133,Housing,Bird,Large,28.064999999999998,1556.37,4.9911111111111115,1,55.455905932656336,0
134,Housing,Fish,small,28.064999999999998,529.96,4.9911111111111115,1,18.88330660965616,0
135,Food,Dog,LARGE,28.064999999999998,1451.97,4.9911111111111115,0,51.73597006948157,0
136,Medicine,Bird,small,28.064999999999998,1495.56,4.9911111111111115,1,53.289150187065744,0
137,Housing,Cat,small,25.97,823.94,5.0,1,31.726607624181753,1
138,Equipment,Fish,small,23.14,711.93,4.0,0,30.766205704407948,0
139,Accessory,Bird,Large,42.85,1411.53,5.0,0,32.94119019836639,1
140,Toys,Cat,small,34.08,1348.96,6.0,1,39.58215962441315,1
141,Toys,Dog,small,28.064999999999998,1390.98,4.9911111111111115,1,49.562800641368256,0
142,Equipment,Cat,medium,22.97,790.52,5.0,1,34.415324336090556,1
143,Toys,Fish,medium,24.24,749.2,6.0,1,30.907590759075912,1
144,Food,Bird,medium,41.02,1204.42,3.0,1,29.361774744027304,0
145,Equipment,Cat,small,27.95,1025.34,8.0,0,36.684794275491946,1
146,Food,Dog,LARGE,41.04,1456.69,8.0,0,35.49439571150098,1
147,Equipment,Fish,small,22.68,697.2,2.0,0,30.740740740740744,0
148,Medicine,Cat,SMALL,24.83,981.35,7.0,1,39.52275473217882,1
149,Equipment,Cat,small,27.77,1022.07,5.0,0,36.80482535109831,1
150,Equipment,Cat,SMALL,27.99,1026.36,6.0,1,36.668810289389064,1
151,Food,Bird,large,50.92,1859.84,5.0,1,36.524744697564806,1
152,Food,Dog,large,41.01,1464.8,4.0,1,35.71811753230919,0
153,Housing,Bird,MEDIUM,36.08,962.39,5.0,1,26.67378048780488,1
154,Housing,Cat,Medium,21.12,619.13,4.0,1,29.314867424242422,0
155,Housing,Fish,medium,16.11,373.72,5.0,0,23.198013656114217,1
156,Food,Cat,Small,30.96,1059.68,7.0,1,34.22739018087855,1
157,Food,Bird,small,45.83,1460.05,6.0,1,31.85795330569496,1
158,Medicine,Dog,small,29.99,1088.15,3.0,0,36.28376125375126,0
159,Accessory,Dog,medium,28.064999999999998,583.06,4.9911111111111115,0,20.775342953857116,0
160,Toys,Fish,LARGE,34.17,1299.15,5.0,1,38.02019315188762,1
161,Medicine,Fish,Small,19.76,657.92,3.0,1,33.29554655870445,0
162,Food,Dog,Medium,30.86,880.28,5.0,1,28.5249513933895,1
163,Housing,Cat,small,26.13,827.52,6.0,1,31.66934557979334,1
164,Medicine,Fish,Large,24.94,941.39,6.0,0,37.74619085805934,1
165,Food,Bird,large,51.18,1869.97,6.0,1,36.537123876514265,1
166,Medicine,Cat,MEDIUM,20.06,741.16,4.0,0,36.94715852442672,0
167,Equipment,Cat,small,27.93,1031.5,6.0,1,36.93161475116362,1
168,Food,Cat,Medium,26.24,837.67,6.0,1,31.9233993902439,1
169,Food,Cat,MEDIUM,25.88,825.61,5.0,1,31.901468315301393,1
170,Equipment,Cat,SMALL,28.17,1041.59,3.0,0,36.975150869719556,0
171,Toys,Dog,small,39.26,1412.54,4.0,0,35.97911360163016,0
172,Toys,Cat,small,34.17,1350.32,8.0,0,39.517705589698565,1
173,Equipment,Cat,Small,28.07,1034.36,5.0,1,36.84930530815817,1
174,-,Bird,large,51.1,1868.47,5.0,0,36.56497064579256,1
175,Toys,Cat,small,34.03,1338.54,6.0,0,39.33411695562739,1
176,Food,Bird,medium,41.08,1204.46,4.0,1,29.319863680623175,0
177,Medicine,Dog,medium,25.05,844.17,5.0,1,33.699401197604786,1
178,Medicine,Cat,MEDIUM,19.88,734.01,8.0,0,36.922032193158955,1
179,-,Bird,large,50.99,1855.16,5.0,1,36.38282016081585,1
180,Housing,Fish,medium,15.91,367.02,5.0,0,23.068510370835952,1
181,Housing,Fish,small,20.79,529.93,3.0,0,25.48965848965849,0
182,Food,Bird,Medium,40.88,1206.88,7.0,1,29.522504892367905,1
183,Food,Fish,SMALL,26.3,740.93,3.0,1,28.1722433460076,0
184,Equipment,Cat,MEDIUM,22.86,787.87,4.0,1,34.465004374453194,0
185,Toys,Cat,Small,34.11,1345.58,6.0,1,39.4482556435063,1
186,Toys,Dog,medium,34.02,1158.66,5.0,0,34.05820105820106,1
187,Housing,Cat,LARGE,28.064999999999998,1125.8,4.9911111111111115,1,40.11402102262605,0
188,Medicine,Fish,small,20.03,663.35,5.0,1,33.117823265102345,1
189,Food,Fish,small,26.67,752.3,3.0,1,28.207724034495683,0
190,Food,Dog,Large,41.15,1467.02,6.0,0,35.65054678007291,1
191,Equipment,Dog,small,33.1,1118.36,3.0,0,33.78731117824773,0
192,Equipment,Cat,small,28.31,1048.92,8.0,1,37.05121865065348,1
193,Medicine,Dog,medium,25.06,842.46,3.0,1,33.617717478052676,0
194,Medicine,Dog,SMALL,28.064999999999998,1081.7,4.9911111111111115,1,38.54266880456085,0
195,Food,Cat,small,31.04,1074.04,4.0,0,34.60180412371134,0
196,Equipment,Cat,small,27.98,1029.34,7.0,0,36.78842030021443,1
197,Medicine,Cat,Small,25.02,992.22,6.0,1,39.65707434052758,1
198,Equipment,Cat,small,27.65,1019.82,6.0,0,36.88318264014467,1
199,Equipment,Dog,small,33.09,1110.67,3.0,1,33.565125415533394,0
200,Equipment,Dog,MEDIUM,28.0,873.45,2.0,1,31.19464285714286,0
201,Toys,Dog,small,28.064999999999998,1407.71,4.9911111111111115,1,50.158916800285056,0
202,Equipment,Fish,Small,23.01,703.91,3.0,1,30.591481964363318,0
203,Food,Bird,Small,46.02,1470.55,2.0,1,31.954584963059535,0
204,Housing,Bird,Large,45.94,1541.46,5.0,0,33.553765781454075,1
205,Equipment,Cat,Small,28.04,1039.48,5.0,1,37.071326676176895,1
206,Toys,Dog,small,38.87,1408.33,4.0,1,36.231798302032416,0
207,Medicine,Cat,Medium,20.05,740.8,4.0,0,36.947630922693264,0
208,Medicine,Fish,small,19.86,659.93,3.0,0,33.22910372608258,0
209,Food,Dog,Small,35.99,1122.98,5.0,1,31.20255626562934,1
210,Equipment,Cat,SMALL,28.064999999999998,1033.55,4.9911111111111115,1,36.827008729734544,0
211,Equipment,Fish,Small,22.9,700.8,3.0,0,30.602620087336245,0
212,Toys,Cat,small,28.064999999999998,1383.43,4.9911111111111115,0,49.29378229110993,0
213,Toys,Bird,small,48.91,1816.23,6.0,1,37.134123901042734,1
214,Housing,Cat,small,25.91,822.17,4.0,1,31.73176379776148,0
215,Food,Bird,Small,45.83,1461.36,4.0,0,31.88653720270565,0
216,Accessory,Dog,Large,33.03,1062.88,4.0,1,32.17923100211929,0
217,Equipment,Cat,small,27.89,1029.56,3.0,1,36.915023305844386,0
218,Food,Dog,SMALL,35.97,1111.28,3.0,0,30.8946344175702,0
219,Toys,Cat,large,28.064999999999998,1729.76,4.9911111111111115,0,61.634063780509535,0
220,Equipment,Fish,small,23.16,710.4,2.0,0,30.673575129533678,0
221,Housing,Dog,Large,35.89,1177.84,5.0,1,32.81805516857063,1
222,Food,Fish,Small,25.84,729.2,4.0,1,28.21981424148607,0
223,Medicine,Dog,large,34.85,1416.51,7.0,1,40.64591104734576,1
224,Accessory,Fish,Large,22.94,669.84,5.0,1,29.199651264167393,1
225,Food,Fish,large,31.08,1020.19,3.0,0,32.824646074646076,0
226,Medicine,Cat,small,25.16,989.87,4.0,1,39.34300476947536,0
227,Housing,Fish,large,26.13,786.17,4.0,1,30.086873325679296,0
228,Food,Bird,large,50.84,1846.82,6.0,1,36.326121164437446,1
229,Equipment,Dog,SMALL,32.91,1093.36,3.0,0,33.22272865390459,0
230,Equipment,Cat,small,28.17,1034.28,5.0,0,36.715654952076676,1
231,Medicine,Dog,large,28.064999999999998,1423.72,4.9911111111111115,0,50.729378229111,0
232,Food,Fish,Small,25.83,731.17,6.0,0,28.307007355787842,1
233,-,Cat,small,27.74,1024.25,6.0,1,36.923215573179526,1
234,Food,Cat,LARGE,36.03,1400.69,7.0,1,38.87565917291146,1
235,Food,Dog,medium,30.75,880.03,5.0,0,28.618861788617885,1
236,Accessory,Bird,large,28.064999999999998,1411.55,4.9911111111111115,1,50.29574202743631,0
237,Equipment,Fish,small,23.05,699.21,3.0,1,30.334490238611714,0
238,Toys,Fish,medium,24.05,747.39,6.0,0,31.076507276507275,1
239,Equipment,Cat,Small,27.96,1037.79,5.0,0,37.11695278969957,1
240,Toys,Cat,small,33.93,1343.52,6.0,1,39.59681697612732,1
241,Equipment,Cat,medium,23.28,801.56,3.0,1,34.43127147766322,0
242,Toys,Cat,small,34.01,1347.06,7.0,1,39.60776242281682,1
243,Housing,Fish,medium,16.23,375.37,4.0,0,23.128157732593962,0
244,Housing,Dog,SMALL,30.92,876.82,6.0,1,28.357697283311772,1
245,Toys,Fish,Medium,24.03,745.79,4.0,0,31.035788597586347,0
246,Medicine,Cat,medium,19.87,734.24,3.0,1,36.952189229994964,0
247,Equipment,Cat,small,27.97,1034.03,4.0,0,36.96925277082588,0
248,Food,Fish,Medium,21.02,544.63,2.0,1,25.910085632730734,0
249,Accessory,Bird,LARGE,42.97,1420.58,6.0,1,33.0598091691878,1
250,Toys,Dog,LARGE,28.064999999999998,1795.05,4.9911111111111115,0,63.96044895777659,0
251,Equipment,Dog,Large,38.32,1461.63,6.0,0,38.14274530271399,1
252,Medicine,Cat,SMALL,24.96,984.98,7.0,1,39.462339743589745,1
253,Accessory,Cat,small,23.07,722.66,5.0,1,31.32466406588643,1
254,Accessory,Fish,medium,12.89,288.01,3.0,0,22.343677269200928,0
255,Medicine,Cat,SMALL,25.09,989.83,6.0,1,39.45117576723794,1
256,Equipment,Dog,SMALL,32.96,1106.18,5.0,1,33.56128640776699,1
257,Housing,Cat,small,28.064999999999998,823.68,4.9911111111111115,1,29.349011223944416,0
258,Housing,Fish,small,21.22,540.81,3.0,0,25.485862393967952,0
259,Equipment,Cat,SMALL,28.33,1044.42,4.0,0,36.8662195552418,0
260,Toys,Dog,SMALL,38.89,1417.68,5.0,0,36.45358704037027,1
261,Food,Dog,SMALL,35.87,1118.67,6.0,1,31.186785614719827,1
262,Equipment,Cat,small,28.03,1034.78,6.0,1,36.91687477702462,1
263,Food,Fish,small,25.92,729.11,4.0,1,28.129243827160494,0
264,Equipment,Fish,Medium,18.08,511.72,5.0,1,28.30309734513275,1
265,Toys,Cat,small,33.87,1350.59,6.0,0,39.875701210510776,1
266,Equipment,Cat,small,28.064999999999998,1030.43,4.9911111111111115,0,36.71583823267415,0
267,Toys,Fish,small,28.92,964.24,4.0,1,33.34163208852005,0
268,-,Fish,Small,23.12,708.32,4.0,1,30.636678200692042,0
269,Equipment,Cat,Small,27.87,1020.96,5.0,1,36.63293864370291,1
270,Medicine,Bird,Medium,35.03,1207.13,6.0,1,34.459891521552954,1
271,Toys,Dog,MEDIUM,33.93,1144.31,5.0,0,33.72561155319776,1
272,Food,Dog,LARGE,41.04,1470.65,6.0,1,35.834551656920084,1
273,Housing,Dog,small,31.23,884.46,3.0,1,28.320845341018252,0
274,Equipment,Fish,Small,22.93,703.79,5.0,1,30.692978630614913,1
275,Medicine,Fish,Medium,15.03,464.98,3.0,1,30.93679308050566,0
276,Toys,Cat,Medium,29.01,1074.06,3.0,1,37.02378490175801,0
277,Accessory,Dog,MEDIUM,28.064999999999998,574.23,4.9911111111111115,1,20.46071619454837,0
278,Food,Dog,SMALL,35.99,1120.11,4.0,0,31.12281189219227,0
279,Medicine,Cat,Small,28.064999999999998,986.94,4.9911111111111115,0,35.16622127204704,0
280,Toys,Dog,large,43.9,1795.77,5.0,1,40.90592255125285,1
281,Equipment,Cat,small,28.2,1034.1,3.0,1,36.670212765957444,0
282,Toys,Fish,small,29.0,972.44,8.0,1,33.53241379310345,1
283,Housing,Cat,LARGE,31.04,1124.81,5.0,1,36.23743556701031,1
284,Food,Cat,medium,26.1,834.51,4.0,0,31.9735632183908,0
285,Food,Dog,Large,41.11,1467.21,4.0,1,35.68985648260764,0
286,Equipment,Cat,SMALL,28.064999999999998,1029.17,4.9911111111111115,1,36.67094245501515,0
287,Equipment,Cat,MEDIUM,28.064999999999998,798.26,4.9911111111111115,0,28.44325672545876,0
288,Equipment,Cat,small,28.1,1043.5,7.0,0,37.13523131672598,1
289,Housing,Fish,medium,28.064999999999998,363.73,4.9911111111111115,1,12.960270799928738,0
290,Equipment,Cat,SMALL,27.82,1026.3,8.0,1,36.89072609633357,1
291,Toys,Cat,Small,34.0,1346.68,5.0,0,39.60823529411765,1
292,Food,Bird,Large,50.9,1861.97,4.0,1,36.58094302554028,0
293,Food,Bird,large,50.98,1864.04,6.0,0,36.56414280109847,1
294,Toys,Cat,MEDIUM,29.19,1087.59,4.0,1,37.25899280575539,0
295,Toys,Bird,Large,54.05,2249.4,4.0,0,41.61702127659575,0
296,Toys,Fish,medium,24.16,747.43,4.0,1,30.93667218543046,0
297,Toys,Bird,Medium,43.92,1525.97,6.0,1,34.744307832422585,1
298,Equipment,Fish,small,28.064999999999998,712.28,4.9911111111111115,1,25.379654373775168,0
299,Medicine,Fish,MEDIUM,15.05,464.52,6.0,1,30.865116279069763,1
300,Accessory,Dog,small,27.82,772.16,5.0,1,27.755571531272466,1
301,Food,Cat,MEDIUM,26.06,832.08,6.0,1,31.929393706830396,1
302,Toys,Cat,Small,33.91,1346.02,6.0,0,39.69389560601593,1
303,Equipment,Cat,SMALL,28.0,1025.83,4.0,1,36.636785714285715,0
304,Food,Fish,Large,30.97,1014.57,3.0,1,32.75976751695189,0
305,Equipment,Fish,small,22.98,707.63,5.0,0,30.793298520452566,1
306,Toys,Cat,Small,33.97,1349.03,6.0,1,39.712393288195464,1
307,Equipment,Cat,Small,28.064999999999998,1034.74,4.9911111111111115,1,36.86941029752361,0
308,Equipment,Cat,medium,22.93,787.3,3.0,1,34.33493240296555,0
309,Toys,Cat,small,34.12,1364.65,6.0,0,39.995603751465424,1
310,Accessory,Dog,MEDIUM,22.92,577.97,3.0,0,25.216841186736474,0
311,Medicine,Dog,medium,25.19,846.27,5.0,1,33.59547439460103,1
312,Food,Dog,MEDIUM,30.85,885.8,4.0,1,28.71312803889789,0
313,Food,Dog,Medium,28.064999999999998,882.34,4.9911111111111115,1,31.439159094958136,0
314,Equipment,Cat,Small,28.18,1036.46,6.0,0,36.779985805535844,1
315,Accessory,Bird,medium,33.1,860.69,5.0,0,26.00271903323263,1
316,Housing,Dog,Small,30.82,881.02,4.0,1,28.585983127839064,0
317,Equipment,Cat,SMALL,28.42,1045.29,5.0,1,36.78008444757213,1
318,Food,Cat,MEDIUM,26.08,837.94,4.0,1,32.12960122699387,0
319,Food,Fish,medium,20.89,538.41,5.0,0,25.77357587362374,1
320,Accessory,Bird,medium,28.064999999999998,859.11,4.9911111111111115,1,30.61143773383218,0
321,Housing,Cat,small,25.81,820.54,5.0,1,31.791553661371562,1
322,Equipment,Cat,small,27.91,1030.16,5.0,0,36.91006807595844,1
323,Food,Bird,Medium,41.01,1210.66,4.0,0,29.52109241648379,0
324,Toys,Cat,Small,33.84,1346.25,5.0,1,39.78280141843971,1
325,Toys,Cat,small,34.53,1356.71,8.0,1,39.290761656530556,1
326,Food,Fish,Medium,21.02,543.87,4.0,0,25.873929590865842,0
327,Equipment,Fish,small,23.28,716.79,4.0,1,30.789948453608243,0
328,Toys,Cat,medium,28.86,1064.54,5.0,1,36.886347886347885,1
329,Food,Bird,large,28.064999999999998,1859.03,4.9911111111111115,1,66.24015677890611,0
330,Equipment,Fish,small,23.02,708.63,6.0,1,30.783231972198088,1
331,Equipment,Cat,small,27.98,1036.31,7.0,1,37.03752680486061,1
332,Food,Dog,Large,41.14,1466.3,6.0,1,35.64171122994652,1
333,Food,Fish,large,30.99,1020.05,6.0,1,32.91545659890287,1
334,Housing,Dog,Medium,25.99,673.68,5.0,1,25.92073874567141,1
335,Toys,Dog,small,39.0,1411.57,6.0,1,36.194102564102565,1
336,Housing,Dog,medium,25.98,674.22,4.0,0,25.951501154734412,0
337,Equipment,Cat,Small,27.84,1030.21,4.0,0,37.004669540229884,0
338,Food,Fish,MEDIUM,21.02,543.97,3.0,1,25.878686964795435,0
339,Food,Bird,medium,41.0,1208.27,5.0,1,29.47,1
340,Toys,Fish,SMALL,29.13,965.84,5.0,1,33.15619636113972,1
341,Medicine,Fish,SMALL,19.84,657.38,5.0,0,33.13407258064516,1
342,Medicine,Cat,Small,24.85,981.18,4.0,0,39.4841046277666,0
343,Toys,Fish,large,33.78,1283.93,4.0,1,38.00858496151569,0
344,-,Cat,small,27.78,1026.38,6.0,0,36.946724262059035,1
345,Food,Fish,MEDIUM,21.02,540.34,2.0,0,25.705994291151285,0
346,Accessory,Bird,MEDIUM,33.15,860.51,6.0,1,25.958069381598794,1
347,Accessory,Cat,Small,28.064999999999998,706.7,4.9911111111111115,1,25.180830215571,0
348,Equipment,Dog,Medium,28.05,870.3,3.0,1,31.026737967914436,0
349,Medicine,Bird,Medium,34.96,1200.15,4.0,0,34.329233409610985,0
350,Housing,Dog,small,30.73,869.43,6.0,1,28.29254799869834,1
351,Medicine,Fish,small,19.99,663.63,6.0,1,33.198099049524764,1
352,Equipment,Cat,SMALL,28.11,1040.53,7.0,1,37.016364283173246,1
353,Housing,Bird,LARGE,46.16,1557.58,3.0,1,33.74306759098787,0
354,Accessory,Bird,large,42.93,1409.97,3.0,1,32.843466107617054,0
355,Equipment,Cat,small,27.99,1044.51,8.0,1,37.31725616291533,1
356,Medicine,Bird,Medium,34.88,1198.81,4.0,1,34.36955275229357,0
357,Equipment,Cat,Small,28.36,1044.03,5.0,0,36.813469675599436,1
358,Toys,Cat,small,33.99,1345.66,6.0,0,39.58987937628714,1
359,Toys,Bird,MEDIUM,44.07,1517.76,5.0,1,34.43975493533016,1
360,Housing,Dog,Small,31.22,877.81,3.0,1,28.116912235746316,0
361,Housing,Dog,MEDIUM,28.064999999999998,674.73,4.9911111111111115,1,24.04168893639765,0
362,Housing,Bird,LARGE,46.11,1565.71,7.0,0,33.9559748427673,1
363,Equipment,Fish,SMALL,22.91,700.94,3.0,1,30.595373199476214,0
364,Accessory,Bird,medium,33.11,864.73,4.0,1,26.116883116883116,0
365,Accessory,Dog,large,32.79,1060.94,5.0,0,32.35559621835926,1
366,Equipment,Cat,medium,23.07,799.68,5.0,1,34.663198959687904,1
367,Equipment,Cat,small,27.81,1025.05,7.0,1,36.859043509528945,1
368,Food,Dog,Medium,30.89,885.79,5.0,0,28.675623179022335,1
369,Equipment,Cat,small,27.92,1031.79,3.0,1,36.95522922636103,0
370,-,Dog,large,28.064999999999998,1462.67,4.9911111111111115,1,52.11722786388741,0
371,Medicine,Fish,SMALL,20.03,665.55,6.0,1,33.22765851223165,1
372,Toys,Fish,small,28.97,961.73,4.0,1,33.19744563341388,0
373,Equipment,Fish,MEDIUM,18.12,514.67,3.0,1,28.40342163355408,0
374,Food,Fish,Medium,21.04,540.38,5.0,1,25.683460076045627,1
375,Housing,Fish,medium,28.064999999999998,370.28,4.9911111111111115,0,13.193657580616426,0
376,Equipment,Cat,Small,27.9,1026.74,6.0,0,36.800716845878135,1
377,Equipment,Cat,MEDIUM,22.88,789.06,4.0,1,34.48688811188811,0
378,Medicine,Fish,small,20.21,666.75,4.0,1,32.99109351806037,0
379,Equipment,Cat,Small,27.88,1032.4,7.0,1,37.03012912482067,1
380,Food,Dog,SMALL,35.76,1112.35,4.0,1,31.105984340044742,0
381,Food,Fish,SMALL,25.76,731.75,4.0,1,28.40644409937888,0
382,Medicine,Cat,small,24.94,979.15,9.0,0,39.26022453889334,1
383,Food,Fish,small,26.05,747.96,2.0,1,28.712476007677544,0
384,Equipment,Dog,Medium,28.0,871.81,5.0,1,31.136071428571427,1
385,Toys,Fish,Large,34.09,1301.35,9.0,1,38.173951305368135,1
386,Equipment,Fish,medium,18.08,510.02,4.0,1,28.20907079646018,0
387,Housing,Dog,Small,30.86,871.1,3.0,0,28.22747893713545,0
388,Food,Dog,MEDIUM,31.08,889.15,5.0,0,28.608429858429858,1
389,Medicine,Bird,medium,35.11,1216.53,6.0,0,34.64910281970948,1
390,Equipment,Fish,Small,22.93,702.94,5.0,0,30.655909289140865,1
391,Food,Bird,Medium,40.89,1208.03,4.0,1,29.543409146490582,0
392,Housing,Dog,Medium,25.92,674.67,6.0,1,26.028935185185183,1
393,Equipment,Cat,small,28.15,1034.36,7.0,1,36.74458259325044,1
394,Medicine,Cat,medium,28.064999999999998,745.83,4.9911111111111115,1,26.575093532870127,0
395,Housing,Bird,Medium,28.064999999999998,958.94,4.9911111111111115,0,34.16853732406913,0
396,Toys,Fish,medium,23.86,741.11,6.0,1,31.060771165129925,1
397,Medicine,Dog,Medium,24.8,837.19,4.0,0,33.75766129032258,0
398,Equipment,Fish,SMALL,23.11,716.78,5.0,0,31.01601038511467,1
399,Toys,Fish,LARGE,33.97,1289.12,6.0,0,37.94877833382396,1
400,Accessory,Dog,large,33.14,1065.51,2.0,0,32.151780325890165,0
401,Equipment,Cat,small,28.06,1030.25,7.0,0,36.71596578759801,1
402,Toys,Fish,Small,28.85,971.26,4.0,0,33.665857885615246,0
403,Accessory,Bird,Large,42.88,1416.28,5.0,1,33.02891791044776,1
404,Housing,Fish,small,21.36,541.92,4.0,1,25.370786516853933,0
405,Food,Bird,large,50.92,1849.66,5.0,0,36.32482325216025,1
406,Food,Cat,Small,28.064999999999998,1065.98,4.9911111111111115,1,37.98254053091039,0
407,Medicine,Fish,small,19.95,665.53,6.0,0,33.35989974937343,1
408,Toys,Cat,small,34.24,1361.1,8.0,0,39.75175233644859,1
409,Equipment,Cat,small,28.04,1035.07,4.0,0,36.914051355206844,0
410,Food,Bird,medium,41.13,1211.2,5.0,0,29.448091417456844,1
411,Housing,Cat,small,26.19,826.92,3.0,1,31.573883161512025,0
412,Housing,Cat,small,26.44,834.68,4.0,0,31.56883509833585,0
413,Housing,Dog,medium,26.01,673.05,3.0,0,25.87658592848904,0
414,Equipment,Cat,SMALL,27.98,1036.29,6.0,0,37.036812008577556,1
415,Equipment,Cat,small,28.064999999999998,1036.69,4.9911111111111115,0,36.93889185818636,0
416,Equipment,Cat,small,27.94,1035.28,3.0,1,37.0536864710093,0
417,Food,Fish,medium,20.92,539.64,1.0,1,25.795411089866153,0
418,Housing,Cat,large,31.16,1138.04,7.0,0,36.52246469833119,1
419,Toys,Fish,small,29.13,973.42,6.0,0,33.416409200137316,1
420,Equipment,Fish,small,22.87,700.78,5.0,1,30.641888937472668,1
421,Housing,Cat,medium,21.03,616.66,6.0,1,29.32287208749405,1
422,Food,Bird,Large,50.91,1854.43,7.0,1,36.42565311333727,1
423,Equipment,Cat,small,27.94,1034.34,5.0,1,37.020042949176805,1
424,Housing,Bird,SMALL,41.01,1191.23,5.0,0,29.04730553523531,1
425,Equipment,Cat,Small,27.82,1031.78,6.0,0,37.087706685837524,1
426,Housing,Fish,large,26.0,782.43,4.0,0,30.093461538461536,0
427,-,Cat,medium,28.064999999999998,1080.53,4.9911111111111115,0,38.50097986816319,0
428,Equipment,Dog,Small,32.95,1104.95,5.0,0,33.53414264036419,1
429,Food,Dog,small,36.04,1119.84,7.0,0,31.07214206437292,1
430,Medicine,Dog,Small,30.18,1096.79,4.0,1,36.3416169648774,0
431,Toys,Fish,small,29.02,975.45,6.0,1,33.613025499655414,1
432,Accessory,Dog,LARGE,33.1,1062.62,5.0,0,32.10332326283987,1
433,Toys,Dog,SMALL,38.84,1417.22,6.0,1,36.488671472708546,1
434,Food,Bird,Small,45.78,1456.48,6.0,0,31.81476627348187,1
435,Housing,Cat,Small,26.29,834.96,5.0,1,31.75960441232408,1
436,Food,Fish,medium,20.87,543.76,4.0,1,26.054623862002874,0
437,Toys,Cat,Small,33.89,1340.5,9.0,1,39.55444083800531,1
438,Equipment,Cat,small,28.04,1040.72,6.0,1,37.11554921540657,1
439,Food,Dog,medium,31.19,898.42,3.0,1,28.804745110612373,0
440,Toys,Cat,Small,34.47,1374.79,4.0,0,39.88366695677401,0
441,Housing,Cat,medium,21.03,617.98,3.0,0,29.385639562529718,0
442,Toys,Bird,medium,43.95,1522.52,4.0,1,34.64209328782707,0
443,Food,Dog,large,40.99,1464.54,5.0,0,35.729202244449866,1
444,Equipment,Fish,medium,18.01,510.19,2.0,1,28.328151027207106,0
445,Toys,Fish,medium,24.06,744.96,5.0,1,30.96259351620948,1
446,Equipment,Cat,SMALL,27.99,1029.53,5.0,1,36.78206502322258,1
447,Food,Bird,Medium,40.9,1216.38,5.0,1,29.740342298288514,1
448,Toys,Fish,MEDIUM,24.02,742.64,5.0,1,30.917568692756035,1
449,Toys,Bird,large,54.16,2248.04,8.0,1,41.50738552437223,1
450,Toys,Cat,small,34.1,1344.84,6.0,0,39.438123167155425,1
451,Housing,Cat,Small,26.08,822.27,4.0,1,31.52875766871166,0
452,Accessory,Bird,Large,42.82,1417.18,4.0,0,33.09621672115834,0
453,Toys,Fish,Small,28.98,973.92,6.0,1,33.60662525879917,1
454,Accessory,Bird,LARGE,43.12,1434.65,5.0,0,33.2711038961039,1
455,Accessory,Cat,MEDIUM,17.95,512.36,3.0,0,28.54373259052925,0
456,Accessory,Bird,Large,42.92,1411.82,4.0,0,32.89422180801491,0
457,Food,Fish,Small,26.33,750.33,5.0,1,28.49715153816939,1
458,Medicine,Cat,small,25.17,994.41,9.0,1,39.50774731823599,1
459,Medicine,Bird,LARGE,45.06,1871.35,8.0,0,41.53018197958277,1
460,Medicine,Cat,small,24.76,970.57,7.0,1,39.19911147011309,1
461,Medicine,Fish,small,20.09,669.38,6.0,1,33.319064211050275,1
462,Housing,Dog,SMALL,31.09,886.84,3.0,1,28.52492762946285,0
463,Medicine,Dog,Small,29.98,1081.52,7.0,1,36.07471647765177,1
464,Medicine,Fish,Small,19.98,662.74,3.0,1,33.17017017017017,0
465,Equipment,Cat,Medium,22.99,794.74,5.0,0,34.568943018703784,1
466,Food,Cat,medium,26.15,836.75,4.0,1,31.9980879541109,0
467,Toys,Bird,large,53.97,2246.77,8.0,1,41.629979618306464,1
468,Housing,Dog,Small,30.96,868.61,6.0,0,28.055878552971574,1
469,Accessory,Bird,LARGE,43.04,1422.27,5.0,1,33.04530669144982,1
470,Food,Bird,large,51.04,1861.15,4.0,1,36.46453761755486,0
471,Toys,Cat,Small,28.064999999999998,1354.1,4.9911111111111115,1,48.248708355603064,0
472,Medicine,Dog,Medium,28.064999999999998,842.07,4.9911111111111115,0,30.00427578834848,0
473,Equipment,Cat,Medium,23.14,797.38,6.0,0,34.458945548833185,1
474,Equipment,Cat,small,28.3,1047.8,3.0,0,37.024734982332156,0
475,Medicine,Cat,MEDIUM,19.94,735.52,6.0,1,36.886659979939814,1
476,Food,Fish,Small,26.22,735.94,2.0,0,28.067887109077045,0
477,Medicine,Fish,MEDIUM,14.99,461.05,5.0,1,30.757171447631755,1
478,Accessory,Dog,Medium,22.98,578.38,3.0,1,25.168842471714534,0
479,Toys,Dog,small,38.98,1415.14,4.0,0,36.30425859415085,0
480,Equipment,Fish,Small,23.09,710.71,6.0,0,30.779991338241665,1
481,Medicine,Dog,Medium,25.06,842.67,5.0,1,33.62609736632083,1
482,Food,Dog,medium,28.064999999999998,888.34,4.9911111111111115,0,31.652948512381975,0
483,Medicine,Dog,medium,28.064999999999998,840.67,4.9911111111111115,1,29.954391590949584,0
484,Toys,Fish,small,29.01,971.13,6.0,0,33.475698035160285,1
485,Medicine,Bird,Small,39.79,1476.14,5.0,1,37.09826589595376,1
486,Accessory,Bird,large,43.03,1424.58,5.0,1,33.10666976528003,1
487,Medicine,Cat,Small,24.74,977.78,7.0,1,39.52223120452708,1
488,Housing,Fish,Medium,15.95,369.07,3.0,1,23.139184952978056,0
489,Equipment,Fish,Small,23.07,702.33,5.0,0,30.443433029908974,1
490,Housing,Dog,small,30.93,886.42,6.0,1,28.658907209828644,1
491,Equipment,Cat,small,27.83,1025.24,4.0,1,36.839381961911606,0
492,Toys,Cat,Small,28.064999999999998,1371.3,4.9911111111111115,1,48.861571352218064,0
493,Housing,Dog,SMALL,30.81,864.88,3.0,1,28.071405387861084,0
494,Food,Bird,medium,40.83,1196.56,4.0,1,29.30590252265491,0
495,Food,Dog,Large,40.91,1460.29,6.0,1,35.69518455145442,1
496,Food,Fish,small,25.7,727.87,3.0,1,28.321789883268483,0
497,Food,Cat,SMALL,31.03,1072.2,6.0,1,34.55365775056397,1
498,Equipment,Dog,LARGE,37.89,1440.06,4.0,1,38.00633412509897,0
499,Equipment,Cat,MEDIUM,22.9,787.62,6.0,0,34.3938864628821,1
500,Toys,Fish,large,34.17,1296.58,5.0,1,37.94498097746561,1
501,Housing,Cat,SMALL,28.064999999999998,830.74,4.9911111111111115,0,29.600570105113132,0
502,Housing,Bird,Medium,36.01,962.21,5.0,0,26.720633157456266,1
503,Housing,Fish,Medium,16.17,374.04,4.0,1,23.131725417439704,0
504,Medicine,Cat,medium,28.064999999999998,735.57,4.9911111111111115,0,26.209513629075364,0
505,Housing,Fish,medium,15.94,365.3,4.0,0,22.917189460476788,0
506,Housing,Bird,small,40.97,1204.78,6.0,1,29.406394923114473,1
507,Accessory,Bird,Medium,33.04,861.89,5.0,1,26.086259079903147,1
508,Housing,Dog,Medium,26.2,678.22,2.0,1,25.886259541984735,0
509,Toys,Dog,small,39.19,1419.66,3.0,1,36.22505741260526,0
510,Medicine,Cat,MEDIUM,19.97,736.3,6.0,1,36.87030545818728,1
511,Housing,Dog,medium,26.03,675.41,7.0,0,25.94736842105263,1
512,Food,Cat,LARGE,36.0,1408.16,6.0,1,39.11555555555556,1
513,Toys,Dog,small,38.66,1403.4,5.0,0,36.3010863942059,1
514,Toys,Fish,medium,23.95,742.87,7.0,1,31.017536534446766,1
515,Accessory,Dog,MEDIUM,22.88,577.12,4.0,0,25.223776223776223,0
516,Housing,Fish,Large,25.93,784.8,3.0,1,30.266101041264942,0
517,Medicine,Cat,small,25.29,1001.91,7.0,1,39.616844602609724,1
518,Toys,Dog,large,44.03,1797.02,7.0,1,40.81353622530093,1
519,Food,Cat,MEDIUM,25.9,831.78,3.0,1,32.11505791505792,0
520,Medicine,Cat,medium,19.91,735.01,8.0,1,36.91662481165243,1
521,Toys,Cat,small,33.91,1337.11,9.0,0,39.43114125626659,1
522,Toys,Dog,Medium,28.064999999999998,1159.18,4.9911111111111115,1,41.303402814894,0
523,Housing,Dog,MEDIUM,26.09,671.89,3.0,0,25.752778842468377,0
524,Medicine,Fish,small,19.89,661.23,6.0,0,33.244343891402714,1
525,Accessory,Dog,Large,33.06,1063.55,2.0,0,32.170296430732,0
526,Accessory,Bird,medium,32.96,856.75,5.0,1,25.9936286407767,1
527,Equipment,Fish,Small,22.69,695.63,6.0,1,30.65799911855443,1
528,Medicine,Cat,Small,24.78,975.55,6.0,1,39.3684422921711,1
529,Housing,Cat,small,25.92,820.26,3.0,0,31.645833333333332,0
530,Toys,Fish,SMALL,29.09,979.48,8.0,1,33.670677208662774,1
531,Accessory,Fish,small,18.09,446.76,3.0,0,24.69651741293532,0
532,Food,Bird,Large,50.9,1862.12,7.0,1,36.58388998035363,1
533,Equipment,Cat,Small,28.15,1040.73,8.0,1,36.9708703374778,1
534,Toys,Cat,Small,34.18,1357.61,7.0,0,39.71942656524283,1
535,Toys,Cat,small,34.03,1347.16,7.0,1,39.58742286218043,1
536,Equipment,Cat,small,28.03,1035.32,6.0,0,36.93613985016054,1
537,Medicine,Dog,medium,25.16,846.37,3.0,0,33.639507154213035,0
538,Housing,Dog,small,28.064999999999998,887.93,4.9911111111111115,1,31.638339568858008,0
539,Equipment,Cat,Medium,28.064999999999998,795.71,4.9911111111111115,1,28.352396223053628,0
540,Housing,Fish,large,25.91,775.92,3.0,1,29.94673871092242,0
541,Housing,Dog,MEDIUM,25.98,676.72,3.0,1,26.047729022324866,0
542,Medicine,Cat,MEDIUM,20.11,745.46,5.0,1,37.06911984087519,1
543,Housing,Dog,Large,36.09,1187.66,4.0,1,32.908284843446935,0
544,Medicine,Fish,LARGE,24.88,942.65,6.0,1,37.88786173633441,1
545,Accessory,Dog,Medium,22.93,574.75,1.0,1,25.06541648495421,0
546,Toys,Cat,SMALL,34.28,1354.57,6.0,1,39.51487747957993,1
547,Toys,Cat,Medium,29.05,1079.88,7.0,1,37.173149741824446,1
548,Food,Dog,Small,35.99,1130.21,3.0,1,31.403445401500417,0
549,Toys,Bird,Small,49.02,1820.0,5.0,1,37.12770297837617,1
550,Food,Fish,large,31.16,1028.57,6.0,0,33.00930680359435,1
551,Equipment,Cat,small,28.27,1048.08,7.0,1,37.07392996108949,1
552,Food,Fish,Medium,21.14,548.11,3.0,0,25.92762535477767,0
553,Equipment,Dog,medium,27.93,871.63,6.0,1,31.20766201217329,1
554,Equipment,Fish,SMALL,22.97,705.93,5.0,0,30.73269481932956,1
555,Toys,Cat,medium,28.84,1070.85,4.0,0,37.13072122052704,0
556,Medicine,Fish,Medium,14.94,459.89,6.0,1,30.782463186077646,1
557,Medicine,Dog,large,35.05,1422.39,7.0,1,40.58174037089872,1
558,Toys,Cat,Medium,28.89,1073.93,4.0,1,37.173070266528214,0
559,Equipment,Cat,small,27.98,1031.86,5.0,1,36.87848463187991,1
560,Toys,Dog,small,39.21,1421.19,5.0,0,36.24560061208875,1
561,Food,Dog,large,41.12,1469.55,5.0,1,35.73808365758755,1
562,Food,Bird,medium,41.0,1205.59,4.0,1,29.40463414634146,0
563,Food,Fish,small,26.06,740.27,5.0,1,28.406369915579432,1
564,Toys,Fish,Small,29.25,979.88,5.0,1,33.50017094017094,1
565,Medicine,Cat,SMALL,28.064999999999998,992.07,4.9911111111111115,1,35.349011223944416,0
566,Medicine,Cat,Small,28.064999999999998,999.75,4.9911111111111115,1,35.62266167824693,0
567,Toys,Cat,SMALL,34.33,1374.83,5.0,0,40.047480337896886,1
568,Food,Dog,medium,30.96,885.69,4.0,1,28.607558139534884,0
569,Equipment,Cat,small,27.94,1030.84,5.0,1,36.894774516821755,1
570,Food,Dog,Medium,30.94,887.11,3.0,0,28.671945701357465,0
571,Food,Bird,medium,28.064999999999998,1202.85,4.9911111111111115,1,42.859433458043824,0
572,Toys,Cat,Small,34.23,1359.67,7.0,1,39.72158924919662,1
573,Medicine,Cat,MEDIUM,19.94,735.1,7.0,1,36.865596790371114,1
574,Equipment,Dog,small,33.11,1107.81,2.0,0,33.458471760797345,0
575,Toys,Fish,small,28.74,963.92,5.0,0,33.53931802366041,1
576,Medicine,Cat,Medium,20.09,741.2,5.0,0,36.89397710303634,1
577,Toys,Cat,medium,29.16,1084.45,5.0,1,37.189643347050755,1
578,Toys,Cat,SMALL,28.064999999999998,1353.09,4.9911111111111115,1,48.21272047033672,0
579,Equipment,Cat,SMALL,27.79,1026.51,5.0,0,36.93810723281756,1
580,Toys,Dog,large,44.0,1790.98,9.0,0,40.70409090909091,1
581,Equipment,Cat,Small,28.13,1035.27,7.0,1,36.80305723426947,1
582,Accessory,Dog,large,32.97,1058.07,3.0,1,32.091901728844405,0
583,Housing,Cat,MEDIUM,20.98,616.62,5.0,1,29.390848427073404,1
584,Toys,Fish,medium,23.82,735.3,5.0,1,30.86901763224181,1
585,Food,Dog,large,41.01,1453.78,6.0,0,35.44940258473543,1
586,Equipment,Cat,medium,23.33,808.45,4.0,1,34.652807543934856,0
587,Housing,Bird,Medium,35.96,965.12,1.0,1,26.838709677419356,0
588,Food,Bird,LARGE,50.99,1855.21,6.0,1,36.383800745244166,1
589,Accessory,Bird,medium,33.0,861.52,4.0,0,26.106666666666666,0
590,Equipment,Fish,small,23.0,704.78,4.0,1,30.64260869565217,0
591,Food,Dog,medium,31.16,885.52,3.0,1,28.418485237483953,0
592,Equipment,Cat,small,28.064999999999998,1034.86,4.9911111111111115,0,36.87368608587208,0
593,Equipment,Cat,SMALL,27.94,1030.82,4.0,1,36.8940586972083,0
594,-,Fish,Medium,17.95,509.93,5.0,1,28.408356545961006,1
595,Housing,Cat,medium,28.064999999999998,614.35,4.9911111111111115,0,21.890254765722432,0
596,Food,Cat,MEDIUM,25.92,828.76,5.0,1,31.973765432098762,1
597,Toys,Fish,Small,28.91,975.67,5.0,0,33.74852992044275,1
598,Equipment,Cat,small,27.99,1032.53,5.0,1,36.889246159342626,1
599,Equipment,Bird,Small,42.86,1484.04,5.0,1,34.62529164722352,1
600,Medicine,Cat,medium,19.99,735.73,3.0,1,36.804902451225615,0
601,Equipment,Cat,medium,23.0,793.54,3.0,1,34.50173913043478,0
602,-,Dog,Small,28.064999999999998,1113.97,4.9911111111111115,0,39.692499554605384,0
603,Equipment,Cat,SMALL,27.91,1029.65,4.0,1,36.89179505553565,0
604,Accessory,Bird,Large,43.01,1417.0,5.0,0,32.94582655196466,1
605,Equipment,Cat,Small,28.1,1040.27,6.0,1,37.02028469750889,1
606,Food,Bird,LARGE,28.064999999999998,1861.87,4.9911111111111115,0,66.34135043648674,0
607,Equipment,Cat,Small,27.98,1026.38,3.0,0,36.68263045032166,0
608,Housing,Cat,Small,25.85,814.58,5.0,1,31.511798839458415,1
609,Toys,Fish,Small,28.79,964.58,6.0,0,33.50399444251477,1
610,Medicine,Dog,medium,25.2,850.43,7.0,0,33.74722222222222,1
611,Food,Dog,Medium,30.92,885.53,6.0,1,28.639391979301422,1
612,Food,Bird,medium,41.15,1207.5,6.0,1,29.34386391251519,1
613,Medicine,Dog,small,30.08,1084.15,3.0,1,36.042220744680854,0
614,Housing,Dog,SMALL,31.23,893.06,1.0,1,28.596221581812358,0
615,Toys,Cat,SMALL,34.25,1354.26,8.0,1,39.54043795620438,1
616,Toys,Cat,Small,33.84,1351.85,6.0,0,39.94828605200945,1
617,Housing,Dog,medium,26.03,670.66,2.0,1,25.764886669227813,0
618,Housing,Fish,large,25.9,778.16,3.0,1,30.044787644787647,0
619,Medicine,Dog,Medium,24.82,833.26,5.0,1,33.57211925866237,1
620,Toys,Cat,small,28.064999999999998,1350.95,4.9911111111111115,0,48.13646891145555,0
621,Toys,Fish,SMALL,29.02,967.03,5.0,1,33.32288077188146,1
622,Food,Bird,medium,40.96,1208.98,5.0,0,29.51611328125,1
623,Food,Bird,large,50.92,1852.79,4.0,1,36.38629222309505,0
624,Accessory,Dog,LARGE,28.064999999999998,1065.28,4.9911111111111115,0,37.95759843221094,0
625,Housing,Cat,medium,20.87,609.01,7.0,0,29.18112122664111,1
626,Medicine,Fish,small,20.0,662.86,5.0,1,33.143,1
627,Toys,Fish,small,28.064999999999998,965.99,4.9911111111111115,0,34.419739889542136,0
628,Toys,Cat,SMALL,34.06,1365.83,9.0,1,40.10070463887257,1
629,Housing,Fish,medium,15.99,372.62,4.0,0,23.303314571607256,0
630,Medicine,Fish,MEDIUM,15.14,467.23,5.0,1,30.860634081902244,1
631,Housing,Fish,Medium,15.95,366.79,4.0,1,22.99623824451411,0
632,Equipment,Cat,small,28.15,1031.46,6.0,0,36.64156305506217,1
633,Food,Cat,Large,36.05,1409.62,3.0,1,39.10180305131762,0
634,-,Dog,medium,28.1,872.04,4.0,0,31.03345195729537,0
635,Medicine,Dog,medium,25.04,845.75,4.0,0,33.77595846645367,0
636,Medicine,Fish,Medium,15.16,471.66,6.0,0,31.112137203166228,1
637,Housing,Cat,Medium,20.84,610.48,2.0,1,29.293666026871403,0
638,Housing,Dog,Medium,25.97,670.87,4.0,1,25.83249903735079,0
639,Toys,Dog,small,39.09,1424.13,3.0,1,36.43207981580967,0
640,Food,Dog,medium,31.15,886.18,6.0,0,28.448796147672553,1
641,Housing,Dog,LARGE,36.09,1188.68,4.0,0,32.936547520088666,0
642,Equipment,Cat,SMALL,27.82,1023.28,9.0,1,36.78217109992811,1
643,Toys,Cat,small,33.86,1336.18,8.0,0,39.4619019492026,1
644,Accessory,Cat,LARGE,28.0,998.18,4.0,0,35.64928571428571,0
645,Food,Cat,SMALL,30.74,1053.2,5.0,1,34.2615484710475,1
646,Equipment,Cat,Small,27.85,1031.22,4.0,1,37.027648114901254,0
647,Equipment,Cat,Medium,22.87,787.4,7.0,0,34.42938347179711,1
648,Equipment,Cat,small,28.1,1032.94,4.0,0,36.75943060498221,0
649,Food,Bird,LARGE,51.04,1853.37,4.0,1,36.312108150470216,0
650,Food,Cat,Small,31.27,1082.95,6.0,0,34.632235369363606,1
651,Equipment,Cat,SMALL,27.92,1034.36,6.0,1,37.04727793696274,1
652,Medicine,Dog,SMALL,28.064999999999998,1086.33,4.9911111111111115,0,38.707642971672904,0
653,Toys,Bird,Large,54.02,2254.99,8.0,0,41.74361347649018,1
654,Equipment,Fish,small,22.98,702.76,5.0,0,30.58137510879025,1
655,Food,Fish,Small,26.16,734.68,4.0,0,28.084097859327215,0
656,Medicine,Cat,Small,25.04,995.73,6.0,1,39.76557507987221,1
657,Equipment,Cat,Small,27.86,1027.15,3.0,1,36.86826992103374,0
658,Housing,Dog,LARGE,35.92,1182.28,6.0,1,32.91425389755011,1
659,Food,Cat,medium,25.86,826.9,3.0,1,31.97602474864656,0
660,Equipment,Cat,Medium,23.09,792.03,4.0,1,34.30186227804244,0
661,Toys,Cat,SMALL,34.09,1355.96,8.0,0,39.775887356996186,1
662,Housing,Fish,medium,15.91,369.09,3.0,0,23.198617221873032,0
663,Equipment,Cat,small,28.02,1033.6,4.0,0,36.887937187723054,0
664,Food,Dog,small,36.07,1133.67,4.0,0,31.429719988910453,0
665,Medicine,Dog,small,28.064999999999998,1089.32,4.9911111111111115,0,38.81418136468911,0
666,Food,Fish,small,26.09,732.64,3.0,0,28.081257186661556,0
667,Medicine,Cat,small,24.92,983.26,3.0,1,39.45666131621188,0
668,Accessory,Fish,SMALL,18.14,451.79,3.0,1,24.905733186328558,0
669,Food,Dog,large,40.83,1456.02,4.0,1,35.66054371785452,0
670,Housing,Dog,MEDIUM,26.06,675.27,4.0,1,25.912125863392173,0
671,Accessory,Fish,medium,12.85,286.94,1.0,1,22.329961089494162,0
672,Food,Cat,Medium,26.11,836.46,7.0,0,32.036001531980084,1
673,Medicine,Fish,small,19.78,663.24,6.0,1,33.53083923154701,1
674,Medicine,Cat,Small,24.76,976.59,7.0,1,39.44224555735057,1
675,Housing,Fish,large,25.94,784.18,4.0,1,30.230531996915957,0
676,Toys,Dog,Small,39.07,1413.09,5.0,0,36.16815971333504,1
677,Toys,Cat,medium,29.22,1083.7,8.0,0,37.08761122518823,1
678,Medicine,Cat,small,24.9,981.78,8.0,0,39.4289156626506,1
679,Medicine,Fish,medium,15.21,465.62,5.0,1,30.61275476660092,1
680,Equipment,Cat,Small,28.0,1037.85,6.0,0,37.066071428571426,1
681,Medicine,Cat,small,25.0,992.35,8.0,0,39.694,1
682,Medicine,Fish,medium,14.96,462.92,6.0,1,30.943850267379677,1
683,Housing,Cat,SMALL,25.82,818.94,5.0,1,31.71727343144849,1
684,Toys,Cat,medium,28.93,1074.29,4.0,1,37.134116833736606,0
685,Food,Dog,small,35.84,1116.7,5.0,0,31.157924107142854,1
686,Medicine,Fish,medium,14.96,459.81,4.0,1,30.73596256684492,0
687,Equipment,Dog,medium,27.97,866.65,6.0,0,30.984983911333572,1
688,Accessory,Cat,Large,28.29,1009.17,4.0,0,35.67232237539767,0
689,Food,Cat,small,30.84,1064.04,4.0,1,34.50194552529183,0
690,Equipment,Cat,Small,27.91,1029.62,6.0,1,36.890720171981364,1
691,Housing,Cat,small,25.95,824.36,7.0,1,31.767244701348748,1
692,Toys,Fish,Small,28.064999999999998,974.33,4.9911111111111115,1,34.71690717976127,0
693,Accessory,Bird,LARGE,43.13,1422.67,5.0,1,32.98562485508926,1
694,Toys,Fish,small,28.064999999999998,968.02,4.9911111111111115,1,34.492071975770536,0
695,Toys,Fish,SMALL,28.93,959.82,6.0,1,33.177324576564125,1
696,Food,Dog,small,36.12,1127.48,5.0,0,31.214839424141754,1
697,Equipment,Fish,small,22.8,700.69,5.0,1,30.73201754385965,1
698,Equipment,Fish,small,22.89,698.36,4.0,1,30.509392747924856,0
699,Food,Cat,LARGE,36.02,1413.13,7.0,1,39.23181565796779,1
700,Housing,Dog,large,36.21,1196.63,8.0,1,33.04694835680751,1
701,Medicine,Dog,LARGE,34.93,1430.7,9.0,0,40.95906097910106,1
702,Equipment,Fish,small,23.02,701.28,3.0,0,30.463944396177236,0
703,Equipment,Cat,Medium,22.84,785.16,4.0,0,34.37653239929947,0
704,-,Bird,Small,28.064999999999998,1085.02,4.9911111111111115,1,38.66096561553537,0
705,Medicine,Cat,SMALL,24.86,979.63,7.0,1,39.405872888173775,1
706,Equipment,Cat,Medium,23.03,795.76,7.0,0,34.5531914893617,1
707,Equipment,Dog,MEDIUM,27.98,869.46,5.0,1,31.07433881343817,1
708,Accessory,Cat,Medium,18.1,516.87,4.0,1,28.556353591160217,0
709,Equipment,Dog,medium,28.064999999999998,872.4,4.9911111111111115,0,31.084981293425976,0
710,Toys,Fish,Small,29.11,973.54,3.0,0,33.443490209549985,0
711,Accessory,Dog,MEDIUM,22.96,575.3,3.0,1,25.05662020905923,0
712,Equipment,Cat,medium,23.01,791.79,4.0,0,34.41069100391134,0
713,Accessory,Fish,large,22.99,677.59,4.0,1,29.473249238799482,0
714,Equipment,Fish,small,28.064999999999998,705.17,4.9911111111111115,1,25.126313914127916,0
715,Medicine,Cat,small,24.95,981.83,7.0,0,39.35190380761523,1
716,Medicine,Cat,medium,20.06,741.31,7.0,0,36.95463609172482,1
717,Equipment,Cat,Small,27.88,1034.76,5.0,1,37.11477761836442,1
718,Accessory,Cat,medium,17.99,514.68,4.0,1,28.60922734852696,0
719,Housing,Cat,SMALL,25.96,828.28,4.0,0,31.906009244992294,0
720,Toys,Fish,Small,28.89,962.99,4.0,1,33.332987192800275,0
721,Housing,Cat,Medium,20.83,612.54,4.0,1,29.406625060009603,0
722,Housing,Cat,MEDIUM,21.14,618.85,7.0,1,29.273888363292336,1
723,Medicine,Cat,large,29.86,1315.87,7.0,0,44.06798392498325,1
724,Medicine,Fish,Small,28.064999999999998,655.11,4.9911111111111115,1,23.342597541421704,0
725,Equipment,Fish,Medium,18.22,512.56,2.0,1,28.13172338090011,0
726,Housing,Cat,SMALL,25.96,822.82,4.0,0,31.69568567026194,0
727,Toys,Fish,medium,23.92,741.3,4.0,1,30.99080267558528,0
728,Toys,Dog,Large,43.92,1793.71,6.0,1,40.84039162112933,1
729,Food,Bird,small,45.98,1450.78,5.0,0,31.55241409308395,1
730,Medicine,Fish,Large,28.064999999999998,942.52,4.9911111111111115,1,33.583466951719224,0
731,Medicine,Dog,LARGE,34.95,1414.51,7.0,0,40.472389127324746,1
732,Equipment,Cat,small,28.03,1027.94,5.0,0,36.67285051730289,1
733,Equipment,Dog,Medium,27.87,862.21,3.0,1,30.93684965913168,0
734,Housing,Cat,small,25.72,811.65,3.0,1,31.557153965785382,0
735,-,Cat,small,25.03,989.97,6.0,0,39.55133839392729,1
736,Medicine,Fish,small,20.13,668.35,5.0,0,33.201689021361155,1
737,Food,Fish,medium,21.01,546.78,4.0,0,26.024750118990955,0
738,Equipment,Fish,LARGE,28.064999999999998,988.54,4.9911111111111115,1,35.223231783360056,0
739,Medicine,Dog,large,35.09,1423.65,9.0,0,40.57138785978911,1
740,Equipment,Fish,Medium,17.95,508.24,5.0,1,28.314206128133705,1
741,Toys,Dog,Small,39.24,1415.71,4.0,0,36.078236493374106,0
742,Housing,Fish,medium,16.1,375.48,4.0,0,23.321739130434782,0
743,Housing,Dog,Medium,26.19,678.2,5.0,0,25.895379915998472,1
744,Food,Dog,Large,28.064999999999998,1454.29,4.9911111111111115,1,51.81863531088545,0
745,Food,Fish,LARGE,31.0,1020.52,6.0,1,32.92,1
746,Housing,Fish,large,26.07,788.32,4.0,1,30.23858841580361,0
747,Toys,Cat,SMALL,34.05,1351.58,4.0,1,39.693979441997065,0
748,Equipment,Dog,Small,28.064999999999998,1111.1,4.9911111111111115,1,39.59023694993765,0
749,Medicine,Cat,small,28.064999999999998,994.09,4.9911111111111115,1,35.42098699447711,0
750,Housing,Bird,MEDIUM,35.95,958.44,2.0,0,26.660361613351878,0
751,Medicine,Fish,Small,19.98,670.39,4.0,1,33.55305305305305,0
752,Food,Dog,Large,41.07,1466.78,6.0,1,35.71414657901144,1
753,Toys,Fish,MEDIUM,24.06,747.21,7.0,1,31.05610972568579,1
754,Housing,Fish,Large,25.83,776.93,3.0,1,30.07859078590786,0
755,Housing,Fish,Medium,16.02,369.05,2.0,1,23.03682896379526,0
756,Food,Dog,small,36.16,1121.32,4.0,0,31.00995575221239,0
757,Toys,Fish,Small,28.98,965.14,7.0,0,33.30365769496204,1
758,Toys,Fish,small,28.86,966.92,4.0,1,33.503811503811505,0
759,Equipment,Fish,large,27.9,982.61,4.0,1,35.21899641577061,0
760,Equipment,Dog,SMALL,32.85,1107.57,5.0,1,33.715981735159815,1
761,Accessory,Fish,large,23.09,676.76,4.0,1,29.30965786054569,0
762,Medicine,Dog,Large,34.94,1416.24,9.0,0,40.53348597595879,1
763,Toys,Cat,Medium,29.0,1076.74,7.0,0,37.12896551724138,1
764,Food,Dog,medium,30.87,880.81,3.0,0,28.5328798185941,0
765,Toys,Fish,SMALL,29.26,981.65,6.0,0,33.54921394395078,1
766,Equipment,Fish,small,28.064999999999998,702.4,4.9911111111111115,0,25.027614466417248,0
767,Equipment,Cat,small,27.78,1020.3,7.0,1,36.727861771058315,1
768,Equipment,Cat,SMALL,27.71,1019.84,6.0,1,36.80404186214363,1
769,Toys,Cat,large,39.01,1716.93,8.0,0,44.01256088182517,1
770,Toys,Cat,Small,33.84,1337.08,7.0,1,39.51182033096926,1
771,Food,Bird,SMALL,45.99,1468.07,3.0,1,31.92150467492933,0
772,Medicine,Fish,small,19.94,664.58,5.0,1,33.328986960882645,1
773,Housing,Bird,MEDIUM,35.95,956.18,5.0,0,26.597496522948536,1
774,Toys,Fish,Medium,24.02,741.25,5.0,1,30.859700249791842,1
775,Equipment,Fish,small,23.18,705.78,4.0,0,30.447799827437446,0
776,Equipment,Fish,small,22.7,692.32,5.0,1,30.49867841409692,1
777,Accessory,Bird,large,43.16,1430.35,6.0,0,33.140639481000925,1
778,Food,Fish,Large,30.94,1016.25,3.0,1,32.84583063994828,0
779,Food,Bird,medium,41.1,1205.54,5.0,0,29.331873479318734,1
780,Medicine,Fish,SMALL,19.94,662.95,7.0,1,33.24724172517553,1
781,Toys,Fish,Small,29.01,973.67,7.0,1,33.56325405032747,1
782,Accessory,Fish,medium,13.13,291.19,1.0,1,22.177456207159175,0
783,Accessory,Dog,Medium,23.02,576.16,4.0,1,25.028670721112075,0
784,Food,Dog,Large,41.02,1464.26,6.0,0,35.696245733788395,1
785,Medicine,Cat,medium,20.13,752.27,6.0,1,37.370591157476404,1
786,Accessory,Dog,large,33.11,1062.8,7.0,0,32.099063726970705,1
787,Food,Cat,Small,30.96,1071.46,6.0,1,34.6078811369509,1
788,Toys,Cat,small,34.29,1349.46,4.0,0,39.35433070866142,0
789,Equipment,Cat,Small,28.02,1026.59,5.0,1,36.63775874375446,1
790,Food,Bird,small,46.22,1469.39,5.0,0,31.791215923842497,1
791,Medicine,Cat,medium,28.064999999999998,740.1,4.9911111111111115,1,26.37092463923036,0
792,Equipment,Cat,small,27.78,1030.51,5.0,1,37.09539236861051,1
793,Housing,Fish,MEDIUM,16.12,374.64,3.0,1,23.240694789081882,0
794,Equipment,Cat,Small,27.76,1020.3,6.0,1,36.7543227665706,1
795,Housing,Dog,small,31.06,880.33,3.0,0,28.342884739214426,0
796,Housing,Fish,large,25.87,778.46,4.0,1,30.091225357557015,0
797,Food,Cat,MEDIUM,25.98,829.32,7.0,1,31.92147806004619,1
798,Toys,Cat,SMALL,34.08,1348.14,7.0,0,39.5580985915493,1
799,Equipment,Cat,Small,27.86,1026.84,5.0,1,36.857142857142854,1
800,Toys,Cat,Small,34.02,1355.03,6.0,1,39.830393885949434,1
801,Toys,Fish,MEDIUM,28.064999999999998,742.48,4.9911111111111115,0,26.455727774808484,0
802,Housing,Fish,medium,16.02,368.24,4.0,1,22.98626716604245,0
803,Housing,Fish,LARGE,25.82,776.97,5.0,0,30.09178931061193,1
804,Food,Dog,medium,30.9,885.44,3.0,0,28.655016181229776,0
805,Toys,Cat,Small,34.1,1342.9,6.0,0,39.381231671554254,1
806,Food,Cat,Small,30.8,1058.71,4.0,1,34.3737012987013,0
807,Equipment,Cat,Small,27.69,1026.36,5.0,1,37.066088840736725,1
808,Medicine,Cat,medium,28.064999999999998,743.09,4.9911111111111115,1,26.477463032246575,0
809,Toys,Fish,Medium,23.89,747.3,3.0,1,31.280870657178735,0
810,Equipment,Dog,small,33.04,1109.25,4.0,0,33.57294188861986,0
811,Housing,Bird,Small,40.92,1198.74,5.0,1,29.294721407624632,1
812,Food,Bird,medium,40.89,1205.12,3.0,1,29.4722426021032,0
813,Housing,Fish,small,20.92,530.85,4.0,1,25.375239005736137,0
814,Housing,Bird,MEDIUM,35.99,965.29,4.0,1,26.821061405946093,0
815,Medicine,Dog,Medium,24.88,844.07,4.0,1,33.92564308681673,0
816,Medicine,Fish,LARGE,25.46,960.09,5.0,1,37.70974076983504,1
817,Toys,Cat,SMALL,33.95,1356.63,6.0,0,39.95964653902798,1
818,Food,Bird,small,45.98,1470.95,4.0,0,31.99108307959983,0
819,Equipment,Cat,small,28.14,1040.25,7.0,0,36.96695095948827,1
820,Medicine,Fish,SMALL,20.09,668.82,6.0,1,33.29118964659035,1
821,Medicine,Dog,SMALL,29.95,1086.46,6.0,1,36.27579298831386,1
822,Equipment,Cat,Small,28.11,1040.08,7.0,1,37.00035574528637,1
823,Accessory,Cat,small,23.13,717.93,6.0,0,31.038910505836576,1
824,Medicine,Cat,SMALL,24.94,980.93,4.0,0,39.331595829991976,0
825,Housing,Dog,SMALL,30.98,876.43,6.0,1,28.290187217559716,1
826,Equipment,Cat,Medium,22.98,790.28,5.0,1,34.38990426457789,1
827,Housing,Bird,Small,40.93,1195.06,4.0,1,29.197654532128023,0
828,Equipment,Cat,small,28.36,1041.38,7.0,0,36.720028208744715,1
829,Medicine,Cat,medium,20.02,745.34,7.0,0,37.22977022977023,1
830,Equipment,Cat,SMALL,28.02,1034.11,7.0,1,36.90613847251963,1
831,Medicine,Cat,small,24.91,984.06,6.0,0,39.50461661983139,1
832,Medicine,Dog,medium,24.85,831.99,3.0,1,33.480482897384306,0
833,Toys,Cat,small,33.88,1349.47,3.0,1,39.83087367178276,0
834,Housing,Fish,SMALL,21.22,544.35,5.0,1,25.65268614514609,1
835,Housing,Fish,Large,25.93,781.99,4.0,0,30.157732356344003,0
836,Food,Dog,MEDIUM,31.0,886.74,3.0,1,28.60451612903226,0
837,Accessory,Bird,large,42.99,1415.63,6.0,0,32.92928588043731,1
838,Toys,Cat,SMALL,34.12,1354.43,7.0,1,39.696072684642445,1
839,Housing,Fish,MEDIUM,16.16,375.45,4.0,1,23.23329207920792,0
840,Equipment,Cat,SMALL,28.02,1038.37,5.0,0,37.058172733761594,1
841,Food,Dog,Medium,30.97,893.82,4.0,1,28.860833064255733,0
842,Equipment,Cat,small,28.3,1047.36,4.0,0,37.00918727915194,0
843,-,Cat,SMALL,28.14,1040.57,7.0,1,36.97832267235252,1
844,Equipment,Cat,Small,28.18,1035.68,6.0,1,36.75230660042584,1
845,Housing,Dog,medium,25.88,675.98,6.0,1,26.119783616692427,1
846,Medicine,Fish,small,20.07,666.34,3.0,0,33.200797209765824,0
847,Medicine,Fish,MEDIUM,14.89,459.46,4.0,1,30.856950973807923,0
848,Food,Cat,small,30.85,1061.36,4.0,1,34.40388978930307,0
849,Accessory,Fish,large,22.88,671.44,2.0,1,29.34615384615385,0
850,Food,Dog,Large,40.97,1452.61,6.0,0,35.455455211130094,1
851,Accessory,Bird,Medium,33.08,857.2,5.0,1,25.91293833131802,1
852,Medicine,Dog,Medium,25.1,842.65,6.0,1,33.57171314741036,1
853,Food,Bird,medium,41.0,1205.26,5.0,1,29.396585365853657,1
854,Medicine,Cat,medium,19.93,738.82,8.0,1,37.07074761665831,1
855,Equipment,Cat,SMALL,27.9,1038.63,5.0,0,37.226881720430114,1
856,Housing,Cat,small,25.86,826.49,1.0,1,31.96017014694509,0
857,Medicine,Fish,Small,19.83,660.5,4.0,1,33.30811901159859,0
858,Accessory,Bird,large,42.92,1410.58,5.0,0,32.865330848089464,1
859,Equipment,Cat,small,27.84,1031.58,4.0,0,37.053879310344826,0
860,Accessory,Dog,Large,33.13,1063.88,4.0,1,32.11228493812255,0
861,Food,Dog,MEDIUM,31.14,890.38,3.0,0,28.59280667951188,0
862,Equipment,Cat,small,27.97,1036.56,3.0,0,37.059706828745085,0
863,Toys,Cat,LARGE,38.99,1724.15,7.0,1,44.22031290074378,1
864,Housing,Cat,medium,21.21,619.91,4.0,1,29.227251296558226,0
865,Equipment,Dog,Large,37.87,1441.13,8.0,0,38.054660681278065,1
866,Housing,Cat,small,26.0,825.1,6.0,1,31.734615384615385,1
867,Toys,Cat,SMALL,33.86,1335.86,6.0,0,39.452451269935025,1
868,Equipment,Cat,small,28.13,1037.69,3.0,1,36.88908638464273,0
869,Equipment,Cat,small,27.74,1022.85,7.0,0,36.87274693583274,1
870,Equipment,Cat,Small,28.12,1028.41,5.0,1,36.5721906116643,1
871,Toys,Fish,small,28.99,979.7,3.0,1,33.79441186616075,0
872,Housing,Dog,Small,30.96,867.54,6.0,0,28.021317829457363,1
873,Accessory,Fish,large,23.12,675.29,6.0,1,29.208044982698958,1
874,Housing,Fish,medium,16.03,371.78,5.0,0,23.192763568309417,1
875,Housing,Cat,MEDIUM,20.99,614.98,3.0,1,29.29871367317771,0
876,Equipment,Fish,Medium,18.13,511.4,5.0,1,28.207391064533923,1
877,Equipment,Cat,small,28.04,1038.43,4.0,1,37.03388017118402,0
878,Toys,Dog,small,39.07,1420.2,6.0,0,36.35014077297159,1
879,Food,Fish,medium,20.95,538.59,2.0,0,25.708353221957044,0
880,Toys,Cat,SMALL,33.97,1354.37,7.0,1,39.869590815425376,1
881,Equipment,Fish,small,22.98,702.46,6.0,1,30.568320278503048,1
882,Housing,Fish,SMALL,21.21,539.3,2.0,0,25.426685525695422,0
883,Equipment,Cat,MEDIUM,22.87,790.8,6.0,1,34.57804984696108,1
884,Equipment,Cat,small,27.94,1034.08,5.0,0,37.01073729420186,1
885,Toys,Cat,SMALL,34.07,1342.9,6.0,0,39.41590842383329,1
886,Equipment,Dog,small,28.064999999999998,1104.13,4.9911111111111115,1,39.341884910030295,0
887,Medicine,Bird,Medium,28.064999999999998,1200.71,4.9911111111111115,1,42.78318189916266,0
888,Equipment,Cat,SMALL,28.22,1041.84,6.0,0,36.91849751948972,1
889,Medicine,Dog,small,30.12,1086.5,3.0,1,36.07237715803453,0
890,Equipment,Cat,Small,28.064999999999998,1028.48,4.9911111111111115,1,36.64635667201141,0
891,Equipment,Cat,small,27.9,1032.07,5.0,1,36.99175627240143,1
892,Toys,Fish,large,34.15,1295.24,7.0,0,37.927964860907764,1
893,Equipment,Cat,SMALL,28.1,1031.91,4.0,0,36.722775800711744,0
894,Medicine,Fish,large,25.09,946.65,4.0,1,37.73017138302112,0
895,Equipment,Fish,small,28.064999999999998,705.52,4.9911111111111115,1,25.138784963477644,0
896,Toys,Cat,small,33.97,1332.09,7.0,1,39.21371798645864,1
897,Housing,Fish,medium,16.12,374.75,5.0,1,23.247518610421835,1
898,Toys,Dog,Medium,34.07,1157.99,5.0,0,33.98855297916055,1
899,Equipment,Cat,Small,28.08,1034.93,6.0,0,36.85648148148149,1
900,Toys,Fish,LARGE,34.1,1300.55,9.0,0,38.13929618768328,1
901,Food,Fish,Small,25.78,722.29,4.0,0,28.01745539177657,0
902,Equipment,Cat,Small,28.03,1029.89,6.0,0,36.742418836960404,1
903,Housing,Dog,Small,30.78,873.15,7.0,1,28.367446393762183,1
904,Medicine,Fish,small,20.02,666.64,3.0,1,33.298701298701296,0
905,Equipment,Cat,SMALL,28.06,1037.46,4.0,1,36.972915181753386,0
906,Housing,Dog,medium,26.15,677.08,3.0,1,25.89216061185469,0
907,Food,Cat,small,31.08,1068.61,5.0,0,34.38256113256113,1
908,Equipment,Cat,Small,28.2,1043.24,6.0,0,36.99432624113475,1
909,Housing,Dog,MEDIUM,26.01,673.01,4.0,1,25.87504805843906,0
910,Equipment,Cat,Medium,22.99,790.78,6.0,1,34.396694214876035,1
911,Medicine,Fish,small,28.064999999999998,662.31,4.9911111111111115,0,23.599144842330304,0
912,Accessory,Bird,large,42.93,1412.1,4.0,1,32.893081761006286,0
913,Food,Dog,MEDIUM,31.11,893.03,6.0,1,28.705560912889744,1
914,-,Dog,MEDIUM,34.07,1148.89,5.0,1,33.721455826240096,1
915,Toys,Cat,Small,33.95,1348.27,7.0,0,39.71340206185567,1
916,Equipment,Bird,small,43.1,1481.11,7.0,0,34.36450116009281,1
917,Medicine,Fish,small,20.04,667.84,6.0,0,33.32534930139721,1
918,Medicine,Fish,medium,14.96,460.07,6.0,0,30.7533422459893,1
919,Equipment,Fish,small,23.06,704.66,3.0,1,30.55767562879445,0
920,Equipment,Fish,Small,23.09,706.5,4.0,1,30.597661325249025,0
921,Toys,Cat,SMALL,34.08,1355.69,7.0,1,39.779636150234744,1
922,Accessory,Fish,small,17.95,441.1,3.0,1,24.57381615598886,0
923,Equipment,Cat,small,27.99,1028.67,6.0,0,36.751339764201504,1
924,Accessory,Fish,large,28.064999999999998,669.43,4.9911111111111115,0,23.85284161767326,0
925,Housing,Cat,small,28.064999999999998,827.23,4.9911111111111115,1,29.475503295920188,0
926,Food,Dog,Medium,31.15,899.82,4.0,0,28.886677367576247,0
927,Toys,Cat,SMALL,34.21,1352.84,7.0,1,39.545162233265124,1
928,Toys,Dog,Small,39.16,1415.51,5.0,1,36.14683350357508,1
929,Housing,Dog,Large,36.09,1186.89,8.0,1,32.886949293433084,1
930,Medicine,Dog,Medium,24.83,833.95,4.0,0,33.58638743455498,0
931,Toys,Cat,small,34.18,1363.79,5.0,1,39.900234055002926,1
932,Toys,Cat,small,34.02,1348.83,9.0,0,39.648148148148145,1
933,Food,Bird,MEDIUM,41.32,1206.38,4.0,0,29.196030977734754,0
934,Toys,Cat,Small,33.97,1336.5,6.0,0,39.343538416249636,1
935,Housing,Fish,Medium,16.08,373.2,6.0,1,23.208955223880597,1
936,Toys,Bird,Medium,43.97,1522.17,7.0,0,34.61837616556743,1
937,Food,Fish,small,25.83,726.3,5.0,0,28.118466898954704,1
938,Equipment,Cat,small,27.81,1024.69,4.0,0,36.84609852571018,0
939,Toys,Cat,small,28.064999999999998,1361.73,4.9911111111111115,0,48.52057723142705,0
940,Food,Fish,medium,21.02,544.48,4.0,1,25.90294957183635,0
941,Medicine,Bird,SMALL,28.064999999999998,1488.93,4.9911111111111115,0,53.05291288081241,0
942,Equipment,Cat,Small,28.09,1037.72,6.0,1,36.94268422926309,1
943,Housing,Fish,SMALL,21.21,542.84,3.0,1,25.593587930221595,0
944,Food,Dog,small,35.85,1116.82,5.0,1,31.152580195258018,1
945,Toys,Fish,MEDIUM,23.9,741.42,3.0,1,31.021757322175734,0
946,Toys,Dog,Large,43.85,1788.28,8.0,1,40.78175598631699,1
947,Toys,Cat,small,33.92,1341.72,7.0,0,39.555424528301884,1
948,Toys,Dog,Small,38.79,1404.28,6.0,0,36.202113946893526,1
949,Housing,Dog,medium,25.91,672.46,5.0,0,25.953685835584718,1
950,Housing,Fish,Large,26.08,784.59,6.0,1,30.08397239263804,1
951,Medicine,Dog,Medium,25.05,843.34,6.0,0,33.66626746506986,1
952,Equipment,Cat,SMALL,27.81,1028.3,5.0,1,36.97590794678173,1
953,Toys,Cat,small,34.04,1346.22,6.0,1,39.548178613396004,1
954,Accessory,Dog,Large,33.15,1066.57,6.0,0,32.17405731523379,1
955,Medicine,Fish,small,20.26,674.35,6.0,0,33.2847976307996,1
956,Food,Dog,Medium,30.82,878.78,3.0,1,28.513303049967554,0
957,Equipment,Cat,Small,28.06,1035.76,7.0,1,36.91233071988596,1
958,Housing,Cat,small,26.02,816.48,6.0,0,31.378939277478864,1
959,-,Bird,Small,40.89,1192.94,5.0,1,29.174370261677673,1
960,Medicine,Dog,small,30.02,1081.32,3.0,1,36.01998667554963,0
961,Housing,Cat,large,30.85,1118.18,4.0,0,36.245705024311185,0
962,Food,Dog,Medium,31.01,894.05,6.0,1,28.831022250886807,1
963,-,Cat,small,25.06,992.35,7.0,1,39.59896249002394,1
964,Housing,Fish,MEDIUM,16.19,376.62,1.0,0,23.262507720815318,0
965,Accessory,Dog,large,33.0,1058.53,6.0,0,32.07666666666667,1
966,Toys,Dog,small,39.07,1415.91,6.0,0,36.24033785513182,1
967,Equipment,Cat,small,28.06,1036.52,5.0,1,36.93941553813257,1
968,Equipment,Cat,SMALL,27.95,1027.25,8.0,1,36.75313059033989,1
969,Food,Fish,small,25.96,733.84,6.0,0,28.268104776579353,1
970,Food,Bird,Large,51.05,1854.64,5.0,1,36.329872673849174,1
971,Medicine,Fish,Small,20.0,664.85,5.0,0,33.2425,1
972,Equipment,Fish,small,22.98,707.54,3.0,1,30.789382071366404,0
973,Accessory,Dog,large,32.99,1059.35,4.0,1,32.11124583207032,0
974,Toys,Dog,medium,34.06,1150.23,4.0,1,33.77069876688197,0
975,Equipment,Cat,small,28.25,1040.92,5.0,0,36.84672566371682,1
976,Accessory,Bird,Large,43.01,1418.55,8.0,1,32.981864682631944,1
977,Equipment,Cat,Small,28.25,1041.42,8.0,1,36.86442477876106,1
978,Equipment,Cat,MEDIUM,28.064999999999998,787.29,4.9911111111111115,0,28.05237840726884,0
979,Housing,Bird,MEDIUM,36.08,959.73,6.0,1,26.600055432372507,1
980,Equipment,Cat,Small,27.93,1033.08,6.0,0,36.98818474758324,1
981,Equipment,Cat,small,27.74,1019.89,3.0,1,36.766041816870946,0
982,Equipment,Cat,Medium,22.91,787.99,5.0,1,34.39502400698385,1
983,Food,Bird,large,28.064999999999998,1848.03,4.9911111111111115,1,65.84820951362909,0
984,Housing,Cat,Medium,21.1,616.53,5.0,1,29.21943127962085,1
985,Food,Dog,Small,35.88,1117.99,4.0,0,31.159141583054623,0
986,Medicine,Bird,medium,35.07,1202.57,5.0,0,34.2905617336755,1
987,Food,Dog,Large,41.03,1460.01,2.0,1,35.583962953936144,0
988,Toys,Cat,SMALL,34.06,1348.07,8.0,1,39.579271873165,1
989,Toys,Dog,Small,38.77,1401.22,6.0,0,36.1418622646376,1
990,Food,Dog,small,28.064999999999998,1115.77,4.9911111111111115,0,39.756636379832536,0
991,Medicine,Bird,SMALL,28.064999999999998,1464.28,4.9911111111111115,1,52.174594690896136,0
992,Toys,Fish,small,28.82,962.25,8.0,0,33.3882720333102,1
993,Toys,Cat,medium,28.95,1082.61,7.0,0,37.39585492227979,1
994,Equipment,Dog,Medium,28.24,876.91,4.0,0,31.052053824362606,0
995,Equipment,Dog,small,32.98,1108.36,7.0,1,33.60703456640388,1
996,Toys,Fish,medium,24.24,752.56,7.0,1,31.046204620462046,1
997,Food,Dog,LARGE,40.81,1452.83,7.0,1,35.59985297721146,1
998,Housing,Fish,MEDIUM,16.07,373.55,4.0,0,23.2451773490977,0
999,Accessory,Bird,medium,33.0,857.71,3.0,0,25.991212121212122,0
1000,Equipment,Cat,SMALL,28.064999999999998,1036.76,4.9911111111111115,1,36.9413860680563,0
1001,Food,Fish,Medium,20.87,540.31,4.0,1,25.889314805941538,0
1002,Equipment,Cat,Small,27.99,1037.54,7.0,1,37.0682386566631,1
1003,Equipment,Cat,SMALL,28.0,1027.35,4.0,1,36.691071428571426,0
1004,Food,Dog,MEDIUM,31.12,889.96,4.0,0,28.597686375321338,0
1005,Food,Cat,medium,28.064999999999998,832.65,4.9911111111111115,0,29.668626402993052,0
1006,Food,Dog,Small,36.09,1129.37,7.0,0,31.293155998891653,1
1007,Equipment,Fish,small,22.93,710.63,4.0,1,30.991277802006106,0
1008,Toys,Cat,SMALL,28.064999999999998,1349.36,4.9911111111111115,1,48.07981471583823,0
1009,Housing,Dog,medium,25.98,670.61,4.0,1,25.812548113933794,0
1010,Toys,Cat,SMALL,34.07,1347.5,6.0,1,39.5509245670678,1
1011,Medicine,Cat,MEDIUM,20.02,740.69,6.0,1,36.9975024975025,1
1012,Toys,Dog,medium,34.03,1150.04,5.0,0,33.79488686453129,1
1013,Toys,Cat,medium,28.94,1080.7,6.0,1,37.34277816171389,1
1014,Housing,Dog,large,36.03,1190.53,5.0,0,33.042742159311686,1
1015,Housing,Fish,Small,20.91,530.62,5.0,0,25.37637494021999,1
1016,Equipment,Cat,small,28.07,1034.77,7.0,1,36.86391164944781,1
1017,Equipment,Fish,medium,17.99,508.73,4.0,0,28.278488048916067,0
1018,Equipment,Cat,small,28.064999999999998,1034.21,4.9911111111111115,0,36.85052556565117,0
1019,Equipment,Cat,Small,28.17,1034.85,5.0,1,36.73588924387646,1
1020,Medicine,Cat,small,25.26,1002.5,7.0,1,39.68725257323832,1
1021,Housing,Cat,Small,26.33,834.38,3.0,1,31.689327763007977,0
1022,Medicine,Fish,Small,20.15,666.43,4.0,1,33.07344913151365,0
1023,Housing,Fish,small,20.82,528.85,4.0,1,25.401056676272816,0
1024,Medicine,Fish,large,24.85,936.86,6.0,1,37.70060362173038,1
1025,Equipment,Cat,Small,28.03,1034.58,7.0,1,36.909739564752044,1
1026,Food,Dog,MEDIUM,30.98,886.47,4.0,1,28.61426726920594,0
1027,Food,Bird,small,46.04,1475.75,5.0,0,32.05364900086881,1
1028,Food,Dog,small,36.16,1121.08,7.0,0,31.003318584070797,1
1029,Equipment,Cat,SMALL,28.0,1031.79,3.0,0,36.849642857142854,0
1030,Equipment,Cat,medium,23.11,796.9,6.0,1,34.482907832107315,1
1031,Equipment,Fish,medium,18.13,513.32,4.0,1,28.31329288472146,0
1032,Food,Dog,LARGE,41.12,1464.05,6.0,0,35.60432879377432,1
1033,Food,Bird,small,46.11,1478.87,6.0,0,32.07265235306875,1
1034,Toys,Fish,small,29.24,971.18,4.0,1,33.2140902872777,0
1035,Medicine,Fish,small,19.87,654.6,4.0,1,32.94413688978359,0
1036,Accessory,Cat,large,28.01,996.05,5.0,0,35.56051410210639,1
1037,Food,Fish,small,26.12,740.36,4.0,1,28.344563552833076,0
1038,Toys,Dog,MEDIUM,34.12,1156.11,6.0,1,33.88364595545135,1
1039,Equipment,Cat,Small,28.29,1040.95,4.0,1,36.795687522092614,0
1040,Equipment,Cat,small,28.12,1039.04,4.0,0,36.950213371266,0
1041,Medicine,Fish,Medium,15.09,463.31,3.0,1,30.70311464546057,0
1042,Medicine,Fish,Small,19.94,667.22,5.0,1,33.46138415245737,1
1043,Food,Cat,MEDIUM,26.01,837.5,2.0,1,32.19915417147251,0
1044,Medicine,Dog,medium,25.07,840.14,6.0,0,33.51176705225369,1
1045,Toys,Cat,small,34.08,1351.43,8.0,0,39.654636150234744,1
1046,Accessory,Dog,MEDIUM,22.81,573.78,3.0,1,25.154756685664182,0
1047,Toys,Dog,small,39.38,1440.68,8.0,1,36.58405281868969,1
1048,Accessory,Dog,medium,22.96,578.3,3.0,1,25.187282229965152,0
1049,Equipment,Cat,Small,28.02,1035.84,6.0,1,36.9678800856531,1
1050,Equipment,Cat,large,32.98,1366.49,7.0,0,41.43389933292905,1
1051,Equipment,Cat,small,28.064999999999998,1038.63,4.9911111111111115,1,37.0080171031534,0
1052,Food,Fish,small,26.16,738.33,6.0,1,28.22362385321101,1
1053,Accessory,Bird,large,42.92,1418.79,6.0,0,33.05661696178937,1
1054,Housing,Fish,medium,15.98,375.68,2.0,0,23.509386733416772,0
1055,Food,Cat,medium,26.15,837.87,5.0,1,32.04091778202677,1
1056,Equipment,Dog,Small,28.064999999999998,1106.54,4.9911111111111115,0,39.42775699269553,0
1057,Equipment,Fish,Small,23.0,714.06,2.0,0,31.046086956521737,0
1058,Medicine,Dog,MEDIUM,24.94,837.64,5.0,0,33.58620689655172,1
1059,Equipment,Cat,Small,28.12,1035.0,6.0,1,36.806543385490755,1
1060,Medicine,Fish,Small,20.0,664.07,7.0,1,33.203500000000005,1
1061,Food,Dog,large,41.0,1463.58,7.0,1,35.697073170731706,1
1062,Food,Cat,Small,28.064999999999998,1060.2,4.9911111111111115,0,37.776590058792095,0
1063,Housing,Cat,medium,21.19,621.37,5.0,1,29.323737612081167,1
1064,Accessory,Bird,large,43.2,1433.16,4.0,0,33.175,0
1065,Housing,Dog,Medium,25.97,669.42,5.0,1,25.776665383134386,1
1066,Equipment,Cat,SMALL,28.09,1036.27,4.0,1,36.89106443574226,0
1067,Equipment,Cat,small,27.97,1038.51,4.0,1,37.12942438326779,0
1068,Food,Fish,small,26.02,729.12,6.0,1,28.02152190622598,1
1069,Food,Bird,medium,40.99,1200.77,3.0,0,29.29421810197609,0
1070,Accessory,Dog,MEDIUM,23.08,579.68,2.0,1,25.116117850953206,0
1071,Equipment,Cat,SMALL,28.18,1034.92,3.0,1,36.725337118523775,0
1072,Equipment,Cat,MEDIUM,22.98,793.94,4.0,0,34.54917319408181,0
1073,Equipment,Fish,Small,22.97,714.34,5.0,1,31.098824553765784,1
1074,Toys,Cat,SMALL,33.85,1346.37,6.0,1,39.77459379615952,1
1075,Toys,Cat,Medium,28.96,1073.72,7.0,1,37.07596685082873,1
1076,Toys,Fish,small,28.88,969.86,5.0,1,33.58240997229917,1
1077,Accessory,Bird,large,43.05,1419.46,5.0,1,32.97235772357724,1
1078,Equipment,Dog,SMALL,28.064999999999998,1103.5,4.9911111111111115,1,39.319437021200784,0
1079,Accessory,Bird,Large,42.86,1412.95,3.0,1,32.966635557629495,0
1080,Food,Dog,Medium,30.95,879.04,3.0,1,28.40193861066236,0
1081,Toys,Cat,small,33.86,1350.19,8.0,1,39.875664500886,1
1082,Food,Dog,large,40.99,1460.03,5.0,0,35.61917540863625,1
1083,Accessory,Dog,Small,28.18,786.07,5.0,0,27.89460610361959,1
1084,Housing,Dog,Large,36.12,1184.59,6.0,1,32.79595791805094,1
1085,Housing,Cat,Small,26.14,830.15,4.0,1,31.757842387146134,0
1086,Food,Cat,Medium,26.09,836.41,3.0,0,32.058643158298196,0
1087,Medicine,Fish,small,19.87,673.29,6.0,1,33.88475088072471,1
1088,Food,Fish,Large,31.03,1018.51,3.0,1,32.823396712858525,0
1089,Housing,Dog,medium,26.1,671.98,5.0,1,25.746360153256703,1
1090,Equipment,Dog,small,32.84,1107.49,3.0,0,33.72381242387332,0
1091,Toys,Cat,LARGE,38.99,1723.84,6.0,0,44.21236214413952,1
1092,Medicine,Bird,medium,34.96,1199.48,5.0,0,34.31006864988559,1
1093,Housing,Dog,medium,25.93,669.59,3.0,1,25.822984959506364,0
1094,Equipment,Cat,Small,28.07,1031.11,8.0,1,36.73352333452084,1
1095,Toys,Cat,small,33.94,1351.92,6.0,1,39.8326458456099,1
1096,Food,Dog,Medium,31.03,886.23,6.0,0,28.560425394779244,1
1097,Equipment,Dog,Small,33.2,1107.27,6.0,1,33.35150602409638,1
1098,-,Bird,Large,50.93,1863.64,5.0,1,36.59218535244453,1
1099,Equipment,Fish,SMALL,23.1,708.04,4.0,0,30.651082251082247,0
1100,-,Cat,Medium,19.89,737.02,6.0,1,37.05480140774258,1
1101,Food,Cat,Medium,26.03,837.42,3.0,1,32.171340760660776,0
1102,Food,Cat,SMALL,30.82,1061.82,7.0,0,34.45230369889682,1
1103,-,Dog,small,35.78,1105.22,3.0,1,30.88932364449413,0
1104,Toys,Fish,small,28.74,956.72,6.0,1,33.28879610299235,1
1105,Toys,Bird,Large,54.07,2244.67,6.0,1,41.514148326243756,1
1106,Medicine,Fish,Medium,15.06,464.91,5.0,0,30.870517928286855,1
1107,Toys,Cat,small,33.99,1350.47,6.0,1,39.73139158576052,1
1108,Medicine,Dog,medium,25.06,839.05,3.0,0,33.48164405426975,0
1109,Accessory,Bird,medium,33.01,857.7,5.0,0,25.983035443804912,1
1110,Food,Dog,LARGE,40.85,1456.65,4.0,0,35.65850673194615,0
1111,Equipment,Cat,Medium,22.83,787.38,5.0,1,34.48883048620237,1
1112,Food,Fish,MEDIUM,21.15,546.52,5.0,1,25.84018912529551,1
1113,Accessory,Bird,large,42.82,1415.63,5.0,0,33.06001868285848,1
1114,Food,Cat,large,36.08,1405.07,4.0,1,38.94318181818182,0
1115,Equipment,Cat,small,27.97,1028.23,6.0,1,36.76188773686093,1
1116,Toys,Cat,medium,29.04,1075.67,7.0,0,37.04097796143251,1
1117,Housing,Fish,Medium,16.0,372.34,3.0,1,23.27125,0
1118,Medicine,Bird,Small,39.97,1482.25,6.0,0,37.08406304728547,1
1119,Medicine,Fish,medium,15.05,466.99,4.0,1,31.02923588039867,0
1120,Toys,Fish,Small,28.85,961.2,5.0,0,33.317157712305026,1
1121,Housing,Fish,Small,21.03,540.91,4.0,1,25.7208749405611,0
1122,Medicine,Dog,small,30.18,1092.28,3.0,1,36.1921802518224,0
1123,Housing,Dog,medium,25.97,674.51,1.0,0,25.972660762418176,0
1124,Food,Cat,Medium,28.064999999999998,836.8,4.9911111111111115,1,29.816497416711208,0
1125,Equipment,Cat,Small,27.9,1022.98,8.0,0,36.66594982078853,1
1126,Equipment,Cat,SMALL,27.95,1036.83,6.0,0,37.09588550983899,1
1127,Accessory,Dog,medium,23.23,580.21,2.0,1,24.976754197158847,0
1128,Medicine,Cat,small,24.82,975.39,6.0,0,39.29854955680902,1
1129,Housing,Fish,Medium,16.31,377.85,6.0,0,23.166768853464134,1
1130,Food,Dog,small,36.01,1116.83,6.0,0,31.014440433212997,1
1131,Toys,Bird,medium,43.95,1528.36,6.0,1,34.7749715585893,1
1132,Housing,Cat,LARGE,30.92,1121.0,6.0,1,36.254851228978005,1
1133,Housing,Bird,large,46.03,1554.87,5.0,1,33.779491635889634,1
1134,Medicine,Bird,SMALL,40.12,1496.24,8.0,1,37.294117647058826,1
1135,Food,Dog,large,41.03,1458.21,6.0,1,35.54009261515964,1
1136,Housing,Cat,MEDIUM,21.09,616.03,4.0,1,29.20957799905168,0
1137,Toys,Cat,small,33.87,1349.94,6.0,0,39.856510186005316,1
1138,Accessory,Dog,Large,32.96,1060.28,7.0,1,32.168689320388346,1
1139,Medicine,Fish,medium,14.91,461.45,6.0,1,30.94902749832327,1
1140,Toys,Fish,MEDIUM,23.95,742.13,5.0,0,30.986638830897704,1
1141,Equipment,Cat,Medium,22.99,795.09,6.0,1,34.58416702914311,1
1142,Medicine,Dog,Large,34.89,1422.11,8.0,1,40.75981656635139,1
1143,Food,Dog,Large,40.94,1457.65,5.0,1,35.60454323400098,1
1144,Medicine,Dog,SMALL,30.12,1090.12,5.0,1,36.19256308100929,1
1145,Toys,Cat,medium,29.13,1085.6,8.0,1,37.267421901819425,1
1146,Housing,Dog,medium,28.064999999999998,676.23,4.9911111111111115,1,24.09513629075361,0
1147,Toys,Dog,Medium,33.89,1143.17,5.0,1,33.73177928592505,1
1148,Equipment,Cat,Small,28.064999999999998,1041.75,4.9911111111111115,0,37.11918760021379,0
1149,Medicine,Fish,large,28.064999999999998,947.72,4.9911111111111115,0,33.76875111348655,0
1150,Housing,Cat,Small,26.12,826.71,3.0,1,31.650459418070444,0
1151,Equipment,Dog,SMALL,33.19,1120.87,6.0,1,33.77131666164507,1
1152,Food,Dog,Medium,30.98,887.17,5.0,1,28.636862491930277,1
1153,Medicine,Dog,SMALL,29.93,1074.88,5.0,1,35.9131306381557,1
1154,-,Dog,LARGE,36.01,1182.3,5.0,0,32.832546514856986,1
1155,Housing,Fish,small,20.99,536.74,2.0,1,25.571224392567892,0
1156,Medicine,Bird,LARGE,44.99,1866.6,7.0,1,41.48921982662814,1
1157,Toys,Dog,small,39.08,1416.85,4.0,0,36.255117707267146,0
1158,Medicine,Cat,MEDIUM,19.93,740.57,5.0,0,37.158554942298046,1
1159,Medicine,Cat,Small,24.94,985.36,6.0,0,39.509222133119486,1
1160,Equipment,Cat,SMALL,28.0,1025.28,6.0,1,36.61714285714286,1
1161,Equipment,Fish,SMALL,23.09,711.6,3.0,0,30.81853616284106,0
1162,Toys,Cat,Small,34.01,1343.25,8.0,1,39.4957365480741,1
1163,Medicine,Dog,small,30.14,1090.27,5.0,1,36.17352355673523,1
1164,Toys,Dog,Medium,34.08,1158.7,5.0,1,33.99941314553991,1
1165,Housing,Cat,Medium,20.87,611.8,3.0,0,29.314805941542883,0
1166,Food,Dog,Large,28.064999999999998,1456.41,4.9911111111111115,1,51.89417423837521,0
1167,Housing,Dog,SMALL,30.98,873.35,4.0,1,28.190768237572627,0
1168,Housing,Fish,Small,20.91,534.41,4.0,0,25.557627929220466,0
1169,Accessory,Bird,large,42.97,1407.69,6.0,1,32.759832441238075,1
1170,Medicine,Bird,medium,35.13,1213.65,6.0,0,34.54739538855679,1
1171,Housing,Dog,Medium,25.84,668.4,5.0,0,25.86687306501548,1
1172,Toys,Fish,small,29.28,976.79,6.0,1,33.36031420765027,1
1173,Accessory,Bird,MEDIUM,33.03,856.73,4.0,1,25.937935210414775,0
1174,Accessory,Dog,Large,28.064999999999998,1058.86,4.9911111111111115,0,37.72884375556743,0
1175,Toys,Bird,Medium,28.064999999999998,1521.54,4.9911111111111115,1,54.21485836451096,0
1176,Housing,Fish,MEDIUM,15.86,367.4,4.0,1,23.165195460277427,0
1177,Medicine,Dog,small,29.89,1073.33,3.0,1,35.909334225493474,0
1178,Equipment,Fish,small,22.94,701.56,6.0,0,30.58238884045335,1
1179,Toys,Cat,small,33.92,1344.28,6.0,0,39.63089622641509,1
1180,Toys,Dog,Medium,33.9,1146.77,4.0,1,33.82802359882006,0
1181,Food,Fish,medium,20.97,540.48,3.0,1,25.773962804005723,0
1182,Accessory,Dog,Medium,22.98,578.68,4.0,1,25.181897302001737,0
1183,Medicine,Cat,small,25.13,983.53,6.0,1,39.137684042976524,1
1184,Equipment,Fish,small,22.86,701.33,4.0,1,30.679352580927386,0
1185,Food,Fish,Small,26.23,740.95,2.0,1,28.248189096454443,0
1186,Accessory,Bird,MEDIUM,28.064999999999998,852.94,4.9911111111111115,1,30.391590949581335,0
1187,Medicine,Cat,medium,19.98,739.23,8.0,1,36.9984984984985,1
1188,Medicine,Cat,small,24.84,985.8,8.0,1,39.68599033816425,1
1189,Food,Dog,medium,31.13,887.6,3.0,0,28.512688724702862,0
1190,Equipment,Fish,Small,23.32,721.28,4.0,1,30.929674099485418,0
1191,Accessory,Dog,medium,22.67,574.02,4.0,0,25.320688134097924,0
1192,Medicine,Dog,Small,28.064999999999998,1069.56,4.9911111111111115,0,38.11010154997328,0
1193,Equipment,Cat,Small,28.0,1028.88,5.0,1,36.74571428571429,1
1194,Toys,Fish,SMALL,29.09,981.79,3.0,0,33.75008594018563,0
1195,Housing,Bird,small,40.88,1209.03,2.0,1,29.57509784735812,0
1196,Medicine,Cat,small,25.16,991.31,7.0,0,39.400238473767885,1
1197,Toys,Cat,Small,28.064999999999998,1342.8,4.9911111111111115,0,47.84607161945484,0
1198,Medicine,Dog,Medium,25.24,848.15,6.0,1,33.60340729001585,1
1199,Food,Bird,Large,50.98,1864.23,6.0,0,36.56786975284425,1
1200,Equipment,Fish,small,22.92,701.69,6.0,1,30.61474694589878,1
1201,Toys,Cat,medium,29.14,1089.14,5.0,0,37.376115305422104,1
1202,Medicine,Cat,Medium,19.93,735.75,6.0,1,36.916708479678874,1
1203,Toys,Fish,medium,28.064999999999998,739.2,4.9911111111111115,0,26.338856226616787,0
1204,Equipment,Fish,SMALL,22.85,698.33,6.0,0,30.56148796498906,1
1205,Housing,Fish,medium,15.95,367.33,4.0,1,23.030094043887146,0
1206,Toys,Fish,Small,29.06,970.58,4.0,0,33.399174122505165,0
1207,Equipment,Cat,Small,27.98,1039.91,8.0,0,37.1661901358113,1
1208,Medicine,Dog,SMALL,30.18,1085.6,4.0,1,35.970841616964876,0
1209,Medicine,Cat,medium,20.25,750.83,8.0,0,37.078024691358024,1
1210,Equipment,Cat,Small,28.064999999999998,1032.52,4.9911111111111115,0,36.79030821307679,0
1211,Medicine,Fish,small,20.06,670.46,3.0,1,33.42273180458624,0
1212,Food,Dog,medium,31.17,895.6,5.0,1,28.73275585498877,1
1213,Equipment,Cat,Small,28.23,1034.34,5.0,1,36.63974495217853,1
1214,Toys,Fish,small,29.08,968.84,6.0,1,33.31636863823934,1
1215,Medicine,Fish,Small,19.78,653.98,7.0,1,33.062689585439834,1
1216,Medicine,Dog,medium,25.12,848.37,6.0,1,33.772691082802545,1
1217,Equipment,Cat,SMALL,27.97,1024.6,6.0,1,36.632105827672504,1
1218,Housing,Bird,large,28.064999999999998,1553.8,4.9911111111111115,0,55.36433279885979,0
1219,Food,Bird,MEDIUM,40.82,1202.97,7.0,1,29.470112689857913,1
1220,Housing,Dog,small,30.97,870.65,4.0,1,28.112689699709396,0
1221,Equipment,Cat,small,28.11,1031.47,7.0,0,36.69405905371754,1
1222,Medicine,Dog,small,30.2,1096.94,5.0,1,36.32251655629139,1
1223,Equipment,Cat,Large,28.064999999999998,1360.05,4.9911111111111115,1,48.460716194548375,0
1224,Toys,Cat,medium,29.15,1084.58,6.0,0,37.206861063464835,1
1225,Medicine,Cat,Small,25.08,987.32,7.0,1,39.366826156299844,1
1226,Housing,Fish,SMALL,21.09,539.12,3.0,1,25.562825983878614,0
1227,Toys,Cat,SMALL,34.18,1349.62,5.0,1,39.4856641310708,1
1228,Medicine,Dog,SMALL,29.78,1081.82,4.0,1,36.32706514439221,0
1229,Toys,Fish,large,33.82,1288.45,9.0,0,38.09727971614429,1
1230,Medicine,Dog,medium,25.0,837.87,5.0,0,33.5148,1
1231,Housing,Cat,small,25.72,814.21,4.0,1,31.65668740279938,0
1232,Food,Dog,Medium,30.86,880.72,3.0,1,28.539209332469216,0
1233,Equipment,Dog,Medium,28.07,873.86,6.0,1,31.131457071606697,1
1234,Food,Dog,large,28.064999999999998,1461.92,4.9911111111111115,1,52.09050418670943,0
1235,Medicine,Dog,medium,24.96,838.39,6.0,0,33.58934294871795,1
1236,Toys,Fish,medium,23.91,741.86,4.0,1,31.027185278126307,0
1237,Equipment,Bird,Medium,38.18,1220.59,4.0,1,31.96935568360398,0
1238,Housing,Dog,Medium,25.96,676.39,2.0,1,26.05508474576271,0
1239,Accessory,Dog,large,33.11,1070.83,3.0,0,32.34158864391422,0
1240,Food,Dog,LARGE,28.064999999999998,1457.56,4.9911111111111115,0,51.93515054338144,0
1241,Accessory,Dog,medium,23.02,579.38,4.0,1,25.168549087749785,0
1242,Equipment,Fish,small,23.06,705.4,4.0,1,30.589765828274068,0
1243,Medicine,Dog,Small,30.0,1082.62,4.0,1,36.087333333333326,0
1244,Food,Fish,large,31.03,1019.89,5.0,1,32.86786980341605,1
1245,Housing,Dog,medium,26.08,682.44,5.0,1,26.167177914110432,1
1246,-,Dog,Small,39.32,1418.79,8.0,0,36.08316378433367,1
1247,Toys,Fish,small,29.17,979.77,7.0,0,33.58827562564278,1
1248,Toys,Fish,medium,23.91,742.87,7.0,1,31.069427017984108,1
1249,Food,Dog,medium,31.24,894.09,6.0,0,28.620038412291937,1
1250,Housing,Fish,medium,15.82,363.99,4.0,1,23.008217446270542,0
1251,Toys,Cat,small,34.15,1343.57,6.0,0,39.34319180087848,1
1252,Housing,Cat,medium,28.064999999999998,614.79,4.9911111111111115,1,21.905932656333512,0
1253,Equipment,Cat,Small,28.3,1040.14,4.0,1,36.75406360424029,0
1254,Medicine,Fish,Large,24.91,944.66,5.0,1,37.92292252107587,1
1255,Equipment,Cat,Small,27.94,1024.94,7.0,0,36.683607730851826,1
1256,Housing,Dog,medium,25.9,671.4,4.0,1,25.922779922779924,0
1257,Toys,Fish,small,29.26,980.1,3.0,0,33.49624060150376,0
1258,Equipment,Cat,medium,22.95,790.27,5.0,1,34.43442265795207,1
1259,Medicine,Cat,small,28.064999999999998,985.92,4.9911111111111115,1,35.129877071084984,0
1260,Housing,Bird,MEDIUM,35.82,961.5,2.0,0,26.84254606365159,0
1261,Housing,Cat,medium,21.23,621.24,4.0,1,29.262364578426755,0
1262,Toys,Cat,Small,33.92,1348.27,4.0,0,39.748525943396224,0
1263,Medicine,Cat,SMALL,25.03,981.25,6.0,0,39.20295645225729,1
1264,Equipment,Cat,Medium,23.04,792.83,4.0,0,34.41102430555556,0
1265,Accessory,Bird,LARGE,43.04,1416.72,5.0,1,32.91635687732342,1
1266,Equipment,Cat,small,28.06,1044.42,5.0,1,37.22095509622238,1
1267,Equipment,Dog,medium,28.04,877.14,5.0,0,31.281740370898717,1
1268,Accessory,Bird,large,43.06,1420.06,5.0,0,32.978634463539244,1
1269,Housing,Dog,Large,35.78,1171.97,4.0,1,32.75489100055897,0
1270,Equipment,Cat,MEDIUM,23.05,794.78,4.0,1,34.48069414316703,0
1271,Housing,Cat,Small,25.92,825.04,3.0,1,31.830246913580243,0
1272,Housing,Fish,medium,16.01,371.46,5.0,1,23.20174890693316,1
1273,Medicine,Fish,small,20.15,670.98,2.0,1,33.29925558312655,0
1274,Toys,Cat,small,28.064999999999998,1337.97,4.9911111111111115,1,47.673971138428655,0
1275,Food,Cat,Medium,26.05,830.96,4.0,1,31.89865642994242,0
1276,Equipment,Cat,SMALL,27.89,1028.62,6.0,1,36.88131946934384,1
1277,Equipment,Cat,small,28.06,1031.23,7.0,0,36.75089094796864,1
1278,Toys,Bird,Small,48.58,1795.37,4.0,0,36.956978180321116,0
1279,Accessory,Bird,large,28.064999999999998,1413.83,4.9911111111111115,1,50.37698200605737,0
1280,Equipment,Fish,medium,18.02,510.2,5.0,1,28.312985571587124,1
1281,Medicine,Bird,medium,34.97,1204.94,4.0,1,34.456391192450674,0
1282,Equipment,Cat,small,28.12,1038.16,4.0,0,36.91891891891892,0
1283,Food,Cat,MEDIUM,26.19,840.6,5.0,1,32.09621993127148,1
1284,-,Fish,large,27.93,986.13,7.0,1,35.307196562835664,1
1285,Food,Dog,Medium,30.99,893.05,5.0,1,28.817360438851242,1
1286,Equipment,Cat,small,28.0,1033.84,6.0,0,36.92285714285714,1
1287,Equipment,Fish,SMALL,22.98,705.81,4.0,1,30.71409921671018,0
1288,Food,Cat,Small,31.09,1069.09,7.0,1,34.38694113862978,1
1289,Equipment,Fish,Small,22.75,700.6,2.0,1,30.795604395604396,0
1290,Toys,Fish,small,28.69,964.06,6.0,1,33.602649006622514,1
1291,Food,Dog,small,36.05,1129.12,5.0,0,31.320943134535366,1
1292,Food,Dog,large,40.91,1455.71,7.0,0,35.58323148374481,1
1293,Equipment,Cat,Medium,23.02,794.39,5.0,0,34.50868809730669,1
1294,Medicine,Cat,Small,28.064999999999998,1004.82,4.9911111111111115,1,35.80331373597007,0
1295,Food,Dog,medium,31.05,889.99,2.0,1,28.663123993558777,0
1296,Equipment,Cat,small,28.09,1033.12,7.0,1,36.77892488430046,1
1297,Medicine,Fish,Large,24.9,945.5,5.0,1,37.971887550200805,1
1298,Medicine,Fish,Medium,14.97,463.22,3.0,1,30.943219772879093,0
1299,Accessory,Bird,large,42.99,1418.66,6.0,0,32.9997673877646,1
1300,Medicine,Cat,SMALL,24.83,974.18,6.0,1,39.2339911397503,1
1301,Accessory,Fish,Small,18.05,455.22,6.0,1,25.21994459833795,1
1302,Medicine,Dog,Small,30.0,1078.38,7.0,0,35.946000000000005,1
1303,Food,Cat,small,30.9,1060.34,6.0,1,34.315210355987055,1
1304,Food,Cat,Large,36.02,1403.1,5.0,1,38.95335924486396,1
1305,Food,Bird,Small,28.064999999999998,1477.55,4.9911111111111115,1,52.64742561909853,0
1306,Housing,Dog,small,28.064999999999998,879.39,4.9911111111111115,1,31.334045964724748,0
1307,Toys,Cat,MEDIUM,28.95,1073.81,5.0,0,37.09188255613126,1
1308,Housing,Dog,large,35.91,1176.79,4.0,1,32.77053745474798,0
1309,Food,Dog,Medium,30.95,886.69,6.0,1,28.649111470113088,1
1310,Accessory,Bird,LARGE,43.04,1421.88,4.0,1,33.036245353159856,0
1311,Equipment,Cat,Large,33.05,1371.23,8.0,0,41.48956127080182,1
1312,Equipment,Cat,small,27.87,1027.15,6.0,0,36.85504126300682,1
1313,Accessory,Bird,LARGE,42.96,1413.72,3.0,1,32.90782122905028,0
1314,Accessory,Bird,medium,33.04,857.3,3.0,1,25.94733656174334,0
1315,Equipment,Cat,SMALL,27.96,1027.74,5.0,1,36.757510729613735,1
1316,Medicine,Cat,Medium,20.04,743.94,6.0,0,37.12275449101797,1
1317,Housing,Cat,small,26.01,833.39,4.0,0,32.041138023836986,0
1318,Equipment,Fish,small,23.17,710.89,5.0,1,30.681484678463526,1
1319,Food,Fish,small,25.86,724.43,4.0,0,28.013534416086618,0
1320,Food,Bird,medium,41.18,1205.87,6.0,0,29.28290432248664,1
1321,Equipment,Cat,SMALL,28.26,1038.15,7.0,0,36.73566878980892,1
1322,Medicine,Dog,small,29.91,1086.08,6.0,0,36.3116014710799,1
1323,Medicine,Bird,Medium,34.87,1208.63,3.0,0,34.6610266704904,0
1324,Equipment,Cat,MEDIUM,22.77,787.45,8.0,0,34.58278436539307,1
1325,Medicine,Dog,medium,25.06,842.69,5.0,1,33.6268954509178,1
1326,Medicine,Cat,small,25.0,990.45,5.0,1,39.618,1
1327,Food,Bird,small,46.01,1456.73,3.0,1,31.66116061725712,0
1328,Food,Dog,large,41.07,1464.07,6.0,0,35.6481616751887,1
1329,Toys,Dog,Small,39.01,1417.4,6.0,1,36.334273263265835,1
1330,Medicine,Cat,Small,25.2,997.89,6.0,1,39.59880952380952,1
1331,Housing,Cat,small,25.95,828.94,4.0,1,31.943737957610793,0
1332,Equipment,Dog,SMALL,33.01,1105.18,5.0,0,33.48015752802181,1
1333,Equipment,Cat,small,27.86,1029.26,7.0,1,36.944005743000716,1
1334,Toys,Cat,SMALL,34.23,1364.51,7.0,1,39.86298568507158,1
1335,Equipment,Cat,medium,22.91,793.46,7.0,1,34.63378437363597,1
1336,Medicine,Fish,small,19.88,658.41,6.0,0,33.1192152917505,1
1337,Housing,Dog,large,35.92,1184.25,4.0,1,32.96909799554565,0
1338,Housing,Dog,medium,25.86,670.9,3.0,1,25.94354215003867,0
1339,Food,Dog,small,36.07,1119.69,5.0,0,31.04214028278348,1
1340,Food,Fish,small,26.01,735.55,4.0,1,28.279507881584003,0
1341,Accessory,Dog,small,27.92,763.01,3.0,1,27.32843839541547,0
1342,Medicine,Fish,medium,15.0,460.0,5.0,1,30.666666666666668,1
1343,Equipment,Fish,Small,28.064999999999998,709.77,4.9911111111111115,1,25.29021913415286,0
1344,Housing,Bird,MEDIUM,36.18,971.62,4.0,1,26.85516860143726,0
1345,Accessory,Dog,Medium,23.06,586.24,3.0,0,25.42237640936687,0
1346,Medicine,Fish,small,19.94,669.91,6.0,1,33.59628886659979,1
1347,Accessory,Bird,Large,43.07,1419.57,2.0,1,32.95960065010448,0
1348,Medicine,Cat,SMALL,25.52,1006.84,3.0,1,39.45297805642633,0
1349,Housing,Fish,medium,15.94,366.26,5.0,1,22.97741530740276,1
1350,Housing,Fish,MEDIUM,16.16,371.36,5.0,0,22.980198019801982,1
1351,Food,Bird,medium,41.13,1205.72,5.0,0,29.314855336737175,1
1352,Equipment,Dog,small,32.74,1092.07,4.0,0,33.35583384239462,0
1353,Equipment,Dog,Small,33.06,1112.52,5.0,0,33.651542649727766,1
1354,Medicine,Fish,medium,28.064999999999998,463.11,4.9911111111111115,1,16.5013361838589,0
1355,Toys,Cat,SMALL,34.18,1353.65,6.0,1,39.60356933879462,1
1356,Equipment,Cat,small,27.91,1026.25,7.0,1,36.769974919383735,1
1357,Equipment,Cat,SMALL,28.04,1031.53,6.0,1,36.787803138373754,1
1358,Medicine,Fish,LARGE,25.06,951.17,5.0,1,37.955706304868315,1
1359,Housing,Cat,small,26.3,829.47,5.0,0,31.53878326996198,1
1360,Housing,Fish,medium,15.77,362.05,5.0,1,22.958148383005707,1
1361,Equipment,Cat,Medium,23.19,799.47,3.0,1,34.47477360931436,0
1362,Toys,Bird,medium,43.84,1520.01,5.0,0,34.67176094890511,1
1363,Medicine,Fish,small,20.04,662.93,6.0,1,33.080339321357286,1
1364,Medicine,Cat,SMALL,28.064999999999998,1011.46,4.9911111111111115,0,36.03990735791912,0
1365,Equipment,Dog,Medium,27.97,873.61,3.0,0,31.233821952091528,0
1366,Equipment,Dog,Medium,28.03,869.3,6.0,0,31.013200142704243,1
1367,Equipment,Dog,small,33.06,1111.79,5.0,1,33.629461584996974,1
1368,Food,Bird,Medium,41.07,1203.75,6.0,0,29.30971512052593,1
1369,Toys,Cat,MEDIUM,28.99,1079.9,8.0,0,37.2507761296999,1
1370,Equipment,Dog,small,33.43,1121.91,5.0,1,33.55997606939874,1
1371,-,Bird,SMALL,37.92,1089.88,6.0,0,28.7415611814346,1
1372,Equipment,Fish,Small,22.95,704.17,3.0,1,30.682788671023964,0
1373,Accessory,Bird,large,42.91,1407.59,6.0,0,32.80330925192263,1
1374,Toys,Fish,small,28.75,957.13,7.0,1,33.29147826086957,1
1375,Equipment,Cat,small,27.82,1025.73,5.0,0,36.87023723939612,1
1376,Medicine,Fish,Medium,15.22,468.34,4.0,0,30.77135348226018,0
1377,Equipment,Cat,medium,28.064999999999998,795.74,4.9911111111111115,0,28.353465170140748,0
1378,Equipment,Cat,small,28.064999999999998,1054.05,4.9911111111111115,1,37.557455905932656,0
1379,Equipment,Cat,small,27.74,1019.3,6.0,1,36.74477289113194,1
1380,Toys,Fish,SMALL,29.35,991.57,3.0,1,33.784327086882456,0
1381,Equipment,Cat,MEDIUM,23.07,794.03,5.0,0,34.41829215431296,1
1382,Equipment,Dog,small,32.79,1098.65,5.0,0,33.50564196401342,1
1383,Toys,Cat,Large,39.04,1723.87,8.0,1,44.15650614754098,1
1384,Housing,Dog,Small,30.85,876.4,5.0,1,28.408427876823335,1
1385,Accessory,Fish,Medium,13.02,290.77,4.0,1,22.332565284178187,0
1386,Medicine,Dog,SMALL,29.92,1090.37,3.0,1,36.44284759358288,0
1387,Toys,Cat,Small,34.24,1358.2,4.0,1,39.66705607476636,0
1388,Accessory,Dog,LARGE,32.82,1057.8,6.0,1,32.23034734917733,1
1389,Toys,Cat,SMALL,33.97,1339.38,8.0,1,39.42831910509273,1
1390,Housing,Cat,medium,20.95,612.38,5.0,0,29.230548926014322,1
1391,Food,Dog,MEDIUM,31.17,897.03,5.0,1,28.7786333012512,1
1392,Accessory,Cat,medium,28.064999999999998,511.95,4.9911111111111115,1,18.241582041688936,0
1393,Medicine,Cat,small,24.86,977.27,4.0,1,39.31094127111826,0
1394,Toys,Fish,small,29.53,990.59,6.0,1,33.54520826278361,1
1395,Housing,Dog,large,28.064999999999998,1178.31,4.9911111111111115,1,41.985034740780335,0
1396,Equipment,Cat,small,28.064999999999998,1033.69,4.9911111111111115,1,36.83199714947444,0
1397,Equipment,Cat,small,27.99,1035.36,6.0,1,36.99035369774919,1
1398,Housing,Bird,large,46.18,1554.04,7.0,1,33.65179731485492,1
1399,Food,Cat,Small,30.82,1068.42,4.0,1,34.6664503569111,0
1400,Medicine,Cat,large,30.0,1317.64,9.0,1,43.92133333333334,1
1401,Housing,Bird,MEDIUM,28.064999999999998,966.29,4.9911111111111115,0,34.43042936041333,0
1402,Food,Bird,medium,41.11,1207.12,4.0,1,29.363171977621015,0
1403,Housing,Cat,Medium,21.08,613.94,4.0,1,29.124288425047443,0
1404,Equipment,Fish,small,22.98,704.63,3.0,1,30.662750217580506,0
1405,Food,Fish,medium,21.09,544.1,4.0,0,25.798956851588432,0
1406,Accessory,Bird,large,28.064999999999998,1421.75,4.9911111111111115,1,50.65918403705684,0
1407,Medicine,Cat,small,25.12,998.18,7.0,0,39.736464968152866,1
1408,Accessory,Fish,SMALL,17.98,446.2,6.0,0,24.816462736373747,1
1409,Housing,Fish,large,28.064999999999998,791.34,4.9911111111111115,0,28.196686264029935,0
1410,Equipment,Cat,small,27.75,1024.28,6.0,0,36.91099099099099,1
1411,Equipment,Fish,SMALL,23.15,710.12,4.0,1,30.674730021598275,0
1412,Food,Fish,Small,25.85,737.24,4.0,0,28.519922630560927,0
1413,Equipment,Dog,Small,33.13,1114.69,5.0,1,33.64594023543616,1
1414,Accessory,Bird,Large,42.99,1420.28,5.0,0,33.037450569899974,1
1415,Equipment,Fish,medium,18.24,517.65,4.0,1,28.37993421052632,0
1416,Equipment,Cat,small,28.01,1030.87,7.0,1,36.803641556586925,1
1417,Equipment,Bird,Large,48.0,1873.47,3.0,1,39.030625,0
1418,Equipment,Cat,small,27.81,1022.77,5.0,0,36.777058612010066,1
1419,Food,Dog,MEDIUM,31.13,895.97,5.0,1,28.781561194988758,1
1420,Housing,Cat,SMALL,26.0,829.64,4.0,1,31.909230769230767,0
1421,Toys,Cat,Medium,29.1,1083.16,5.0,1,37.22199312714777,1
1422,Accessory,Dog,LARGE,33.09,1062.99,5.0,0,32.12420670897552,1
1423,Accessory,Cat,medium,17.93,512.64,6.0,1,28.59118795315114,1
1424,Food,Fish,SMALL,26.53,755.94,2.0,0,28.493780625706748,0
1425,Equipment,Cat,Small,27.9,1027.92,4.0,1,36.84301075268818,0
1426,Equipment,Fish,medium,17.95,507.07,6.0,1,28.249025069637884,1
1427,Equipment,Cat,Medium,23.25,803.69,7.0,1,34.56731182795699,1
1428,Food,Fish,SMALL,25.71,724.38,4.0,1,28.175029171528585,0
1429,Housing,Fish,MEDIUM,16.03,370.02,2.0,1,23.082969432314407,0
1430,Medicine,Cat,medium,19.86,737.46,6.0,0,37.13293051359517,1
1431,Toys,Fish,SMALL,29.28,982.77,5.0,1,33.564549180327866,1
1432,Accessory,Bird,LARGE,43.04,1417.97,4.0,0,32.94539962825279,0
1433,Housing,Fish,medium,16.07,370.91,2.0,1,23.080896079651527,0
1434,Equipment,Fish,Small,28.064999999999998,708.15,4.9911111111111115,0,25.232495991448424,0
1435,Medicine,Cat,small,25.35,999.07,6.0,0,39.41104536489152,1
1436,Medicine,Fish,small,28.064999999999998,674.58,4.9911111111111115,1,24.036344200962056,0
1437,Equipment,Dog,small,32.9,1104.94,5.0,0,33.584802431610946,1
1438,Equipment,Cat,SMALL,27.75,1024.41,7.0,0,36.91567567567568,1
1439,Equipment,Cat,SMALL,27.89,1026.29,6.0,0,36.79777698099677,1
1440,Equipment,Cat,medium,22.75,783.11,4.0,1,34.42241758241758,0
1441,Food,Bird,large,51.06,1853.36,5.0,0,36.29768899334116,1
1442,Medicine,Fish,Medium,15.08,463.93,3.0,1,30.764588859416445,0
1443,Toys,Bird,large,54.07,2255.96,8.0,1,41.722951729239874,1
1444,Toys,Dog,MEDIUM,33.79,1143.62,4.0,1,33.84492453388576,0
1445,Food,Cat,Medium,26.0,839.11,3.0,0,32.27346153846154,0
1446,Medicine,Bird,MEDIUM,35.07,1207.88,6.0,0,34.44197319646422,1
1447,Housing,Dog,medium,26.09,674.68,1.0,1,25.859716366423914,0
1448,Medicine,Fish,medium,28.064999999999998,456.96,4.9911111111111115,1,16.282202030999468,0
1449,Accessory,Bird,large,42.98,1416.93,3.0,0,32.96719404374128,0
1450,Accessory,Fish,small,17.94,443.36,5.0,0,24.713489409141584,1
1451,Toys,Dog,MEDIUM,33.94,1155.59,3.0,0,34.04802592810842,0
1452,Equipment,Fish,small,22.92,707.12,6.0,1,30.851657940663173,1
1453,Equipment,Cat,small,28.09,1032.96,8.0,1,36.77322890708437,1
1454,Equipment,Cat,small,28.14,1033.12,5.0,0,36.71357498223169,1
1455,Food,Fish,MEDIUM,21.0,541.81,1.0,1,25.80047619047619,0
1456,Accessory,Dog,LARGE,33.08,1061.09,8.0,1,32.07648125755743,1
1457,Medicine,Dog,small,29.79,1071.42,6.0,1,35.9657603222558,1
1458,Equipment,Cat,small,27.85,1031.72,4.0,1,37.045601436265706,0
1459,Toys,Cat,SMALL,33.94,1355.68,7.0,0,39.943429581614616,1
1460,Toys,Cat,small,33.78,1339.86,4.0,1,39.66429840142096,0
1461,Equipment,Cat,Small,28.25,1038.91,3.0,1,36.77557522123894,0
1462,Medicine,Bird,medium,35.04,1204.44,4.0,1,34.37328767123288,0
1463,Food,Cat,medium,26.11,835.34,6.0,1,31.993106089620838,1
1464,Accessory,Dog,large,33.09,1060.98,7.0,0,32.06346328195829,1
1465,Accessory,Bird,medium,33.04,856.44,4.0,1,25.92130750605327,0
1466,Housing,Cat,Medium,21.02,617.82,5.0,0,29.39200761179829,1
1467,Equipment,Cat,Medium,22.98,794.29,5.0,1,34.56440382941688,1
1468,Medicine,Cat,Small,24.91,982.9,6.0,0,39.45804897631473,1
1469,Food,Bird,small,45.96,1468.75,5.0,0,31.957136640557007,1
1470,Equipment,Fish,small,28.064999999999998,710.47,4.9911111111111115,0,25.31516123285231,0
1471,Equipment,Fish,small,23.05,706.21,5.0,1,30.638177874186553,1
1472,Toys,Fish,small,28.064999999999998,976.63,4.9911111111111115,0,34.79885978977374,0
1473,Equipment,Fish,Small,22.96,701.39,6.0,1,30.54834494773519,1
1474,Medicine,Dog,small,29.81,1079.33,5.0,0,36.2069775243207,1
1475,Food,Bird,MEDIUM,41.16,1213.07,3.0,0,29.4720602526725,0
1476,Toys,Cat,medium,29.05,1079.45,7.0,1,37.158347676419965,1
1477,Housing,Bird,large,28.064999999999998,1567.31,4.9911111111111115,1,55.845715303759135,0
1478,Housing,Cat,Small,25.78,819.79,5.0,0,31.79945694336695,1
1479,Accessory,Bird,large,42.99,1419.96,4.0,0,33.03000697836706,0
1480,Housing,Fish,Large,26.01,780.17,3.0,1,29.995001922337558,0
1481,Food,Bird,medium,40.98,1212.22,4.0,0,29.580771107857494,0
1482,Toys,Cat,Medium,29.0,1084.78,5.0,1,37.40620689655172,1
1483,Toys,Cat,Small,34.04,1352.33,5.0,1,39.72767332549941,1
1484,Equipment,Cat,SMALL,28.064999999999998,1037.81,4.9911111111111115,1,36.97879921610547,0
1485,Equipment,Cat,Small,28.03,1039.06,6.0,1,37.069568319657506,1
1486,Housing,Cat,medium,21.01,615.22,3.0,1,29.282246549262254,0
1487,Toys,Fish,small,29.1,981.97,4.0,1,33.7446735395189,0
1488,Medicine,Fish,Small,19.94,663.56,7.0,0,33.2778335005015,1
1489,Equipment,Fish,small,23.25,713.67,3.0,1,30.695483870967742,0
1490,Accessory,Bird,large,43.05,1427.33,4.0,0,33.155168408826945,0
1491,Medicine,Cat,Medium,20.14,746.16,7.0,1,37.04865938430983,1
1492,Toys,Cat,small,34.23,1365.7,5.0,0,39.89775051124745,1
1493,Medicine,Cat,SMALL,24.95,993.08,7.0,1,39.802805611222446,1
1494,Housing,Fish,small,21.0,535.9,3.0,1,25.51904761904762,0
1495,Medicine,Bird,Small,39.96,1478.99,3.0,0,37.01176176176176,0
1496,Food,Bird,medium,40.91,1203.36,5.0,0,29.414813004155462,1
1497,Equipment,Dog,small,32.89,1099.97,5.0,0,33.44390392216479,1
1498,Food,Fish,Small,25.79,724.02,3.0,0,28.073671965878248,0
1499,Medicine,Fish,small,19.94,658.66,5.0,1,33.0320962888666,1
1500,Food,Cat,Medium,25.95,826.08,4.0,1,31.833526011560696,0
